===================================
min_mdlm run
Thu Nov 27 00:20:54 UTC 2025
Job running on node: jg-b6000-0.grasp.maas
===================================
Attempting to activate venv
[DEBUG] Python check:
Python 3.12.3
===================================
Running attention_head_test.py starts
Thu Nov 27 00:20:54 UTC 2025
===================================
Fin.
Thu Nov 27 00:23:56 UTC 2025
train_fraction_0.9-num_images_1/model_epoch_29700.pth
Starting sampling 1
Processing layer 1/10
  Processing head 1/8 (softmax output: 1.00) (accuracy 0.97)
  Processing head 2/8 (softmax output: 1.00) (accuracy 1.00)
  Processing head 3/8 (softmax output: 1.00) (accuracy 1.00)
  Processing head 4/8 (softmax output: 1.00) (accuracy 1.00)
  Processing head 5/8 (softmax output: 1.00) (accuracy 1.00)
  Processing head 6/8 (softmax output: 1.00) (accuracy 1.00)
  Processing head 7/8 (softmax output: 1.00) (accuracy 1.00)
  Processing head 8/8 (softmax output: 1.00) (accuracy 1.00)
Processing layer 2/10
  Processing head 1/8 (softmax output: 1.00) (accuracy 1.00)
  Processing head 2/8 (softmax output: 1.00) (accuracy 1.00)
  Processing head 3/8 (softmax output: 1.00) (accuracy 1.00)
  Processing head 4/8 (softmax output: 1.00) (accuracy 1.00)
  Processing head 5/8 (softmax output: 1.00) (accuracy 1.00)
  Processing head 6/8 (softmax output: 1.00) (accuracy 1.00)
  Processing head 7/8 (softmax output: 1.00) (accuracy 1.00)
  Processing head 8/8 (softmax output: 1.00) (accuracy 1.00)
Processing layer 3/10
  Processing head 1/8 (softmax output: 1.00) (accuracy 1.00)
  Processing head 2/8 (softmax output: 1.00) (accuracy 1.00)
  Processing head 3/8 (softmax output: 1.00) (accuracy 1.00)
  Processing head 4/8 (softmax output: 1.00) (accuracy 1.00)
  Processing head 5/8 (softmax output: 1.00) (accuracy 1.00)
  Processing head 6/8 (softmax output: 1.00) (accuracy 1.00)
  Processing head 7/8 (softmax output: 1.00) (accuracy 1.00)
  Processing head 8/8 (softmax output: 1.00) (accuracy 1.00)
Processing layer 4/10
  Processing head 1/8 (softmax output: 1.00) (accuracy 0.98)
  Processing head 2/8 (softmax output: 1.00) (accuracy 0.99)
  Processing head 3/8 (softmax output: 1.00) (accuracy 1.00)
  Processing head 4/8 (softmax output: 1.00) (accuracy 1.00)
  Processing head 5/8 (softmax output: 1.00) (accuracy 1.00)
  Processing head 6/8 (softmax output: 1.00) (accuracy 0.99)
  Processing head 7/8 (softmax output: 1.00) (accuracy 0.98)
  Processing head 8/8 (softmax output: 1.00) (accuracy 1.00)
Processing layer 5/10
  Processing head 1/8 (softmax output: 1.00) (accuracy 1.00)
  Processing head 2/8 (softmax output: 1.00) (accuracy 0.99)
  Processing head 3/8 (softmax output: 1.00) (accuracy 1.00)
  Processing head 4/8 (softmax output: 1.00) (accuracy 1.00)
  Processing head 5/8 (softmax output: 1.00) (accuracy 1.00)
  Processing head 6/8 (softmax output: 1.00) (accuracy 1.00)
  Processing head 7/8 (softmax output: 1.00) (accuracy 1.00)
  Processing head 8/8 (softmax output: 1.00) (accuracy 1.00)
Processing layer 6/10
  Processing head 1/8 (softmax output: 1.00) (accuracy 1.00)
  Processing head 2/8 (softmax output: 1.00) (accuracy 1.00)
  Processing head 3/8 (softmax output: 1.00) (accuracy 1.00)
  Processing head 4/8 (softmax output: 1.00) (accuracy 1.00)
  Processing head 5/8 (softmax output: 1.00) (accuracy 1.00)
  Processing head 6/8 (softmax output: 1.00) (accuracy 1.00)
  Processing head 7/8 (softmax output: 1.00) (accuracy 1.00)
  Processing head 8/8 (softmax output: 1.00) (accuracy 1.00)
Processing layer 7/10
  Processing head 1/8 (softmax output: 1.00) (accuracy 1.00)
  Processing head 2/8 (softmax output: 1.00) (accuracy 1.00)
  Processing head 3/8 (softmax output: 1.00) (accuracy 1.00)
  Processing head 4/8 (softmax output: 1.00) (accuracy 1.00)
  Processing head 5/8 (softmax output: 1.00) (accuracy 1.00)
  Processing head 6/8 (softmax output: 1.00) (accuracy 1.00)
  Processing head 7/8 (softmax output: 1.00) (accuracy 1.00)
  Processing head 8/8 (softmax output: 1.00) (accuracy 1.00)
Processing layer 8/10
  Processing head 1/8 (softmax output: 1.00) (accuracy 1.00)
  Processing head 2/8 (softmax output: 1.00) (accuracy 1.00)
  Processing head 3/8 (softmax output: 1.00) (accuracy 1.00)
  Processing head 4/8 (softmax output: 1.00) (accuracy 1.00)
  Processing head 5/8 (softmax output: 1.00) (accuracy 1.00)
  Processing head 6/8 (softmax output: 1.00) (accuracy 1.00)
  Processing head 7/8 (softmax output: 1.00) (accuracy 1.00)
  Processing head 8/8 (softmax output: 1.00) (accuracy 1.00)
Processing layer 9/10
  Processing head 1/8 (softmax output: 1.00) (accuracy 1.00)
  Processing head 2/8 (softmax output: 1.00) (accuracy 1.00)
  Processing head 3/8 (softmax output: 1.00) (accuracy 1.00)
  Processing head 4/8 (softmax output: 1.00) (accuracy 1.00)
  Processing head 5/8 (softmax output: 1.00) (accuracy 1.00)
  Processing head 6/8 (softmax output: 1.00) (accuracy 1.00)
  Processing head 7/8 (softmax output: 1.00) (accuracy 1.00)
  Processing head 8/8 (softmax output: 1.00) (accuracy 1.00)
Processing layer 10/10
  Processing head 1/8 (softmax output: 1.00) (accuracy 1.00)
  Processing head 2/8 (softmax output: 1.00) (accuracy 1.00)
  Processing head 3/8 (softmax output: 1.00) (accuracy 1.00)
  Processing head 4/8 (softmax output: 1.00) (accuracy 1.00)
  Processing head 5/8 (softmax output: 1.00) (accuracy 1.00)
  Processing head 6/8 (softmax output: 1.00) (accuracy 1.00)
  Processing head 7/8 (softmax output: 1.00) (accuracy 1.00)
  Processing head 8/8 (softmax output: 1.00) (accuracy 1.00)
Trial 1/10: Least influential head so far: (0, 2) with accuracy 1.00 and confidence 1.00 
Processing layer 1/10
  Processing head 1/8 (softmax output: 0.99) (accuracy 0.96)
  Processing head 2/8 (softmax output: 1.00) (accuracy 1.00)
  Processing head 3/8 (already deactivated, skipping)
  Processing head 4/8 (softmax output: 1.00) (accuracy 1.00)
  Processing head 5/8 (softmax output: 1.00) (accuracy 1.00)
  Processing head 6/8 (softmax output: 1.00) (accuracy 1.00)
  Processing head 7/8 (softmax output: 1.00) (accuracy 1.00)
  Processing head 8/8 (softmax output: 1.00) (accuracy 1.00)
Processing layer 2/10
  Processing head 1/8 (softmax output: 1.00) (accuracy 1.00)
  Processing head 2/8 (softmax output: 1.00) (accuracy 1.00)
  Processing head 3/8 (softmax output: 1.00) (accuracy 1.00)
  Processing head 4/8 (softmax output: 1.00) (accuracy 1.00)
  Processing head 5/8 (softmax output: 1.00) (accuracy 1.00)
  Processing head 6/8 (softmax output: 1.00) (accuracy 1.00)
  Processing head 7/8 (softmax output: 1.00) (accuracy 1.00)
  Processing head 8/8 (softmax output: 1.00) (accuracy 1.00)
Processing layer 3/10
  Processing head 1/8 (softmax output: 1.00) (accuracy 1.00)
  Processing head 2/8 (softmax output: 1.00) (accuracy 1.00)
  Processing head 3/8 (softmax output: 1.00) (accuracy 1.00)
  Processing head 4/8 (softmax output: 1.00) (accuracy 1.00)
  Processing head 5/8 (softmax output: 1.00) (accuracy 1.00)
  Processing head 6/8 (softmax output: 1.00) (accuracy 1.00)
  Processing head 7/8 (softmax output: 1.00) (accuracy 1.00)
  Processing head 8/8 (softmax output: 1.00) (accuracy 1.00)
Processing layer 4/10
  Processing head 1/8 (softmax output: 1.00) (accuracy 0.99)
  Processing head 2/8 (softmax output: 1.00) (accuracy 0.99)
  Processing head 3/8 (softmax output: 1.00) (accuracy 1.00)
  Processing head 4/8 (softmax output: 1.00) (accuracy 1.00)
  Processing head 5/8 (softmax output: 1.00) (accuracy 1.00)
  Processing head 6/8 (softmax output: 0.99) (accuracy 0.98)
  Processing head 7/8 (softmax output: 1.00) (accuracy 0.99)
  Processing head 8/8 (softmax output: 1.00) (accuracy 1.00)
Processing layer 5/10
  Processing head 1/8 (softmax output: 1.00) (accuracy 1.00)
  Processing head 2/8 (softmax output: 1.00) (accuracy 0.99)
  Processing head 3/8 (softmax output: 1.00) (accuracy 1.00)
  Processing head 4/8 (softmax output: 1.00) (accuracy 1.00)
  Processing head 5/8 (softmax output: 1.00) (accuracy 1.00)
  Processing head 6/8 (softmax output: 1.00) (accuracy 1.00)
  Processing head 7/8 (softmax output: 1.00) (accuracy 1.00)
  Processing head 8/8 (softmax output: 1.00) (accuracy 1.00)
Processing layer 6/10
  Processing head 1/8 (softmax output: 1.00) (accuracy 1.00)
  Processing head 2/8 (softmax output: 1.00) (accuracy 1.00)
  Processing head 3/8 (softmax output: 1.00) (accuracy 1.00)
  Processing head 4/8 (softmax output: 1.00) (accuracy 1.00)
  Processing head 5/8 (softmax output: 1.00) (accuracy 1.00)
  Processing head 6/8 (softmax output: 1.00) (accuracy 1.00)
  Processing head 7/8 (softmax output: 1.00) (accuracy 1.00)
  Processing head 8/8 (softmax output: 1.00) (accuracy 1.00)
Processing layer 7/10
  Processing head 1/8 (softmax output: 1.00) (accuracy 1.00)
  Processing head 2/8 (softmax output: 1.00) (accuracy 1.00)
  Processing head 3/8 (softmax output: 1.00) (accuracy 1.00)
  Processing head 4/8 (softmax output: 1.00) (accuracy 1.00)
  Processing head 5/8 (softmax output: 1.00) (accuracy 1.00)
  Processing head 6/8 (softmax output: 1.00) (accuracy 1.00)
  Processing head 7/8 (softmax output: 1.00) (accuracy 1.00)
  Processing head 8/8 (softmax output: 1.00) (accuracy 1.00)
Processing layer 8/10
  Processing head 1/8 (softmax output: 1.00) (accuracy 1.00)
  Processing head 2/8 (softmax output: 1.00) (accuracy 1.00)
  Processing head 3/8 (softmax output: 1.00) (accuracy 1.00)
  Processing head 4/8 (softmax output: 1.00) (accuracy 1.00)
  Processing head 5/8 (softmax output: 1.00) (accuracy 1.00)
  Processing head 6/8 (softmax output: 1.00) (accuracy 1.00)
  Processing head 7/8 (softmax output: 1.00) (accuracy 1.00)
  Processing head 8/8 (softmax output: 1.00) (accuracy 1.00)
Processing layer 9/10
  Processing head 1/8 (softmax output: 1.00) (accuracy 1.00)
  Processing head 2/8 (softmax output: 1.00) (accuracy 1.00)
  Processing head 3/8 (softmax output: 1.00) (accuracy 1.00)
  Processing head 4/8 (softmax output: 1.00) (accuracy 1.00)
  Processing head 5/8 (softmax output: 1.00) (accuracy 1.00)
  Processing head 6/8 (softmax output: 1.00) (accuracy 1.00)
  Processing head 7/8 (softmax output: 1.00) (accuracy 1.00)
  Processing head 8/8 (softmax output: 1.00) (accuracy 1.00)
Processing layer 10/10
  Processing head 1/8 (softmax output: 1.00) (accuracy 1.00)
  Processing head 2/8 (softmax output: 1.00) (accuracy 1.00)
  Processing head 3/8 (softmax output: 1.00) (accuracy 1.00)
  Processing head 4/8 (softmax output: 1.00) (accuracy 1.00)
  Processing head 5/8 (softmax output: 1.00) (accuracy 1.00)
  Processing head 6/8 (softmax output: 1.00) (accuracy 1.00)
  Processing head 7/8 (softmax output: 1.00) (accuracy 1.00)
  Processing head 8/8 (softmax output: 1.00) (accuracy 1.00)
Trial 2/10: Least influential head so far: (0, 3) with accuracy 1.00 and confidence 1.00 
Processing layer 1/10
  Processing head 1/8 (softmax output: 0.99) (accuracy 0.96)
  Processing head 2/8 (softmax output: 1.00) (accuracy 1.00)
  Processing head 3/8 (already deactivated, skipping)
  Processing head 4/8 (already deactivated, skipping)
  Processing head 5/8 (softmax output: 1.00) (accuracy 1.00)
  Processing head 6/8 (softmax output: 1.00) (accuracy 1.00)
  Processing head 7/8 (softmax output: 1.00) (accuracy 1.00)
  Processing head 8/8 (softmax output: 1.00) (accuracy 1.00)
Processing layer 2/10
  Processing head 1/8 (softmax output: 1.00) (accuracy 1.00)
  Processing head 2/8 (softmax output: 1.00) (accuracy 1.00)
  Processing head 3/8 (softmax output: 1.00) (accuracy 1.00)
  Processing head 4/8 (softmax output: 1.00) (accuracy 1.00)
  Processing head 5/8 (softmax output: 1.00) (accuracy 1.00)
  Processing head 6/8 (softmax output: 1.00) (accuracy 1.00)
  Processing head 7/8 (softmax output: 1.00) (accuracy 1.00)
  Processing head 8/8 (softmax output: 1.00) (accuracy 1.00)
Processing layer 3/10
  Processing head 1/8 (softmax output: 1.00) (accuracy 1.00)
  Processing head 2/8 (softmax output: 1.00) (accuracy 1.00)
  Processing head 3/8 (softmax output: 1.00) (accuracy 0.99)
  Processing head 4/8 (softmax output: 1.00) (accuracy 1.00)
  Processing head 5/8 (softmax output: 1.00) (accuracy 1.00)
  Processing head 6/8 (softmax output: 1.00) (accuracy 1.00)
  Processing head 7/8 (softmax output: 1.00) (accuracy 1.00)
  Processing head 8/8 (softmax output: 1.00) (accuracy 1.00)
Processing layer 4/10
  Processing head 1/8 (softmax output: 1.00) (accuracy 0.98)
  Processing head 2/8 (softmax output: 1.00) (accuracy 0.99)
  Processing head 3/8 (softmax output: 1.00) (accuracy 0.99)
  Processing head 4/8 (softmax output: 1.00) (accuracy 1.00)
  Processing head 5/8 (softmax output: 1.00) (accuracy 1.00)
  Processing head 6/8 (softmax output: 0.99) (accuracy 0.97)
  Processing head 7/8 (softmax output: 1.00) (accuracy 0.99)
  Processing head 8/8 (softmax output: 1.00) (accuracy 1.00)
Processing layer 5/10
  Processing head 1/8 (softmax output: 1.00) (accuracy 1.00)
  Processing head 2/8 (softmax output: 1.00) (accuracy 0.99)
  Processing head 3/8 (softmax output: 1.00) (accuracy 1.00)
  Processing head 4/8 (softmax output: 1.00) (accuracy 1.00)
  Processing head 5/8 (softmax output: 1.00) (accuracy 0.99)
  Processing head 6/8 (softmax output: 1.00) (accuracy 1.00)
  Processing head 7/8 (softmax output: 1.00) (accuracy 1.00)
  Processing head 8/8 (softmax output: 1.00) (accuracy 1.00)
Processing layer 6/10
  Processing head 1/8 (softmax output: 1.00) (accuracy 1.00)
  Processing head 2/8 (softmax output: 1.00) (accuracy 1.00)
  Processing head 3/8 (softmax output: 1.00) (accuracy 0.99)
  Processing head 4/8 (softmax output: 1.00) (accuracy 1.00)
  Processing head 5/8 (softmax output: 1.00) (accuracy 1.00)
  Processing head 6/8 (softmax output: 1.00) (accuracy 1.00)
  Processing head 7/8 (softmax output: 1.00) (accuracy 1.00)
  Processing head 8/8 (softmax output: 1.00) (accuracy 1.00)
Processing layer 7/10
  Processing head 1/8 (softmax output: 1.00) (accuracy 1.00)
  Processing head 2/8 (softmax output: 1.00) (accuracy 1.00)
  Processing head 3/8 (softmax output: 1.00) (accuracy 1.00)
  Processing head 4/8 (softmax output: 1.00) (accuracy 1.00)
  Processing head 5/8 (softmax output: 1.00) (accuracy 1.00)
  Processing head 6/8 (softmax output: 1.00) (accuracy 1.00)
  Processing head 7/8 (softmax output: 1.00) (accuracy 1.00)
  Processing head 8/8 (softmax output: 1.00) (accuracy 1.00)
Processing layer 8/10
  Processing head 1/8 (softmax output: 1.00) (accuracy 1.00)
  Processing head 2/8 (softmax output: 1.00) (accuracy 1.00)
  Processing head 3/8 (softmax output: 1.00) (accuracy 1.00)
  Processing head 4/8 (softmax output: 1.00) (accuracy 1.00)
  Processing head 5/8 (softmax output: 1.00) (accuracy 1.00)
  Processing head 6/8 (softmax output: 1.00) (accuracy 1.00)
  Processing head 7/8 (softmax output: 1.00) (accuracy 1.00)
  Processing head 8/8 (softmax output: 1.00) (accuracy 1.00)
Processing layer 9/10
  Processing head 1/8 (softmax output: 1.00) (accuracy 1.00)
  Processing head 2/8 (softmax output: 1.00) (accuracy 1.00)
  Processing head 3/8 (softmax output: 1.00) (accuracy 1.00)
  Processing head 4/8 (softmax output: 1.00) (accuracy 1.00)
  Processing head 5/8 (softmax output: 1.00) (accuracy 1.00)
  Processing head 6/8 (softmax output: 1.00) (accuracy 1.00)
  Processing head 7/8 (softmax output: 1.00) (accuracy 1.00)
  Processing head 8/8 (softmax output: 1.00) (accuracy 1.00)
Processing layer 10/10
  Processing head 1/8 (softmax output: 1.00) (accuracy 1.00)
  Processing head 2/8 (softmax output: 1.00) (accuracy 1.00)
  Processing head 3/8 (softmax output: 1.00) (accuracy 1.00)
  Processing head 4/8 (softmax output: 1.00) (accuracy 1.00)
  Processing head 5/8 (softmax output: 1.00) (accuracy 1.00)
  Processing head 6/8 (softmax output: 1.00) (accuracy 1.00)
  Processing head 7/8 (softmax output: 1.00) (accuracy 1.00)
  Processing head 8/8 (softmax output: 1.00) (accuracy 1.00)
Trial 3/10: Least influential head so far: (0, 4) with accuracy 1.00 and confidence 1.00 
Processing layer 1/10
  Processing head 1/8 (softmax output: 0.99) (accuracy 0.96)
  Processing head 2/8 (softmax output: 1.00) (accuracy 1.00)
  Processing head 3/8 (already deactivated, skipping)
  Processing head 4/8 (already deactivated, skipping)
  Processing head 5/8 (already deactivated, skipping)
  Processing head 6/8 (softmax output: 1.00) (accuracy 1.00)
  Processing head 7/8 (softmax output: 1.00) (accuracy 1.00)
  Processing head 8/8 (softmax output: 1.00) (accuracy 1.00)
Processing layer 2/10
  Processing head 1/8 (softmax output: 1.00) (accuracy 1.00)
  Processing head 2/8 (softmax output: 1.00) (accuracy 1.00)
  Processing head 3/8 (softmax output: 1.00) (accuracy 1.00)
  Processing head 4/8 (softmax output: 1.00) (accuracy 1.00)
  Processing head 5/8 (softmax output: 1.00) (accuracy 1.00)
  Processing head 6/8 (softmax output: 1.00) (accuracy 1.00)
  Processing head 7/8 (softmax output: 1.00) (accuracy 1.00)
  Processing head 8/8 (softmax output: 1.00) (accuracy 1.00)
Processing layer 3/10
  Processing head 1/8 (softmax output: 1.00) (accuracy 1.00)
  Processing head 2/8 (softmax output: 1.00) (accuracy 1.00)
  Processing head 3/8 (softmax output: 1.00) (accuracy 1.00)
  Processing head 4/8 (softmax output: 1.00) (accuracy 1.00)
  Processing head 5/8 (softmax output: 1.00) (accuracy 1.00)
  Processing head 6/8 (softmax output: 1.00) (accuracy 1.00)
  Processing head 7/8 (softmax output: 1.00) (accuracy 1.00)
  Processing head 8/8 (softmax output: 1.00) (accuracy 1.00)
Processing layer 4/10
  Processing head 1/8 (softmax output: 1.00) (accuracy 0.98)
  Processing head 2/8 (softmax output: 1.00) (accuracy 0.99)
  Processing head 3/8 (softmax output: 1.00) (accuracy 1.00)
  Processing head 4/8 (softmax output: 1.00) (accuracy 1.00)
  Processing head 5/8 (softmax output: 1.00) (accuracy 1.00)
  Processing head 6/8 (softmax output: 0.99) (accuracy 0.97)
  Processing head 7/8 (softmax output: 1.00) (accuracy 0.99)
  Processing head 8/8 (softmax output: 1.00) (accuracy 1.00)
Processing layer 5/10
  Processing head 1/8 (softmax output: 1.00) (accuracy 1.00)
  Processing head 2/8 (softmax output: 1.00) (accuracy 0.99)
  Processing head 3/8 (softmax output: 1.00) (accuracy 1.00)
  Processing head 4/8 (softmax output: 1.00) (accuracy 1.00)
  Processing head 5/8 (softmax output: 1.00) (accuracy 0.99)
  Processing head 6/8 (softmax output: 1.00) (accuracy 1.00)
  Processing head 7/8 (softmax output: 1.00) (accuracy 1.00)
  Processing head 8/8 (softmax output: 1.00) (accuracy 1.00)
Processing layer 6/10
  Processing head 1/8 (softmax output: 1.00) (accuracy 1.00)
  Processing head 2/8 (softmax output: 1.00) (accuracy 1.00)
  Processing head 3/8 (softmax output: 1.00) (accuracy 0.99)
  Processing head 4/8 (softmax output: 1.00) (accuracy 1.00)
  Processing head 5/8 (softmax output: 1.00) (accuracy 1.00)
  Processing head 6/8 (softmax output: 1.00) (accuracy 1.00)
  Processing head 7/8 (softmax output: 1.00) (accuracy 1.00)
  Processing head 8/8 (softmax output: 1.00) (accuracy 1.00)
Processing layer 7/10
  Processing head 1/8 (softmax output: 1.00) (accuracy 1.00)
  Processing head 2/8 (softmax output: 1.00) (accuracy 1.00)
  Processing head 3/8 (softmax output: 1.00) (accuracy 1.00)
  Processing head 4/8 (softmax output: 1.00) (accuracy 1.00)
  Processing head 5/8 (softmax output: 1.00) (accuracy 1.00)
  Processing head 6/8 (softmax output: 1.00) (accuracy 1.00)
  Processing head 7/8 (softmax output: 1.00) (accuracy 1.00)
  Processing head 8/8 (softmax output: 1.00) (accuracy 1.00)
Processing layer 8/10
  Processing head 1/8 (softmax output: 1.00) (accuracy 1.00)
  Processing head 2/8 (softmax output: 1.00) (accuracy 1.00)
  Processing head 3/8 (softmax output: 1.00) (accuracy 1.00)
  Processing head 4/8 (softmax output: 1.00) (accuracy 1.00)
  Processing head 5/8 (softmax output: 1.00) (accuracy 1.00)
  Processing head 6/8 (softmax output: 1.00) (accuracy 1.00)
  Processing head 7/8 (softmax output: 1.00) (accuracy 1.00)
  Processing head 8/8 (softmax output: 1.00) (accuracy 1.00)
Processing layer 9/10
  Processing head 1/8 (softmax output: 1.00) (accuracy 1.00)
  Processing head 2/8 (softmax output: 1.00) (accuracy 1.00)
  Processing head 3/8 (softmax output: 1.00) (accuracy 1.00)
  Processing head 4/8 (softmax output: 1.00) (accuracy 1.00)
  Processing head 5/8 (softmax output: 1.00) (accuracy 1.00)
  Processing head 6/8 (softmax output: 1.00) (accuracy 1.00)
  Processing head 7/8 (softmax output: 1.00) (accuracy 1.00)
  Processing head 8/8 (softmax output: 1.00) (accuracy 1.00)
Processing layer 10/10
  Processing head 1/8 (softmax output: 1.00) (accuracy 1.00)
  Processing head 2/8 (softmax output: 1.00) (accuracy 1.00)
  Processing head 3/8 (softmax output: 1.00) (accuracy 1.00)
  Processing head 4/8 (softmax output: 1.00) (accuracy 1.00)
  Processing head 5/8 (softmax output: 1.00) (accuracy 1.00)
  Processing head 6/8 (softmax output: 1.00) (accuracy 1.00)
  Processing head 7/8 (softmax output: 1.00) (accuracy 1.00)
  Processing head 8/8 (softmax output: 1.00) (accuracy 1.00)
Trial 4/10: Least influential head so far: (0, 5) with accuracy 1.00 and confidence 1.00 
Processing layer 1/10
  Processing head 1/8 (softmax output: 0.99) (accuracy 0.96)
  Processing head 2/8 (softmax output: 1.00) (accuracy 1.00)
  Processing head 3/8 (already deactivated, skipping)
  Processing head 4/8 (already deactivated, skipping)
  Processing head 5/8 (already deactivated, skipping)
  Processing head 6/8 (already deactivated, skipping)
  Processing head 7/8 (softmax output: 1.00) (accuracy 1.00)
  Processing head 8/8 (softmax output: 1.00) (accuracy 1.00)
Processing layer 2/10
  Processing head 1/8 (softmax output: 1.00) (accuracy 1.00)
  Processing head 2/8 (softmax output: 1.00) (accuracy 1.00)
  Processing head 3/8 (softmax output: 1.00) (accuracy 1.00)
  Processing head 4/8 (softmax output: 1.00) (accuracy 1.00)
  Processing head 5/8 (softmax output: 1.00) (accuracy 1.00)
  Processing head 6/8 (softmax output: 1.00) (accuracy 1.00)
  Processing head 7/8 (softmax output: 1.00) (accuracy 1.00)
  Processing head 8/8 (softmax output: 1.00) (accuracy 1.00)
Processing layer 3/10
  Processing head 1/8 (softmax output: 1.00) (accuracy 1.00)
  Processing head 2/8 (softmax output: 1.00) (accuracy 1.00)
  Processing head 3/8 (softmax output: 1.00) (accuracy 1.00)
  Processing head 4/8 (softmax output: 1.00) (accuracy 1.00)
  Processing head 5/8 (softmax output: 1.00) (accuracy 1.00)
  Processing head 6/8 (softmax output: 1.00) (accuracy 1.00)
  Processing head 7/8 (softmax output: 1.00) (accuracy 1.00)
  Processing head 8/8 (softmax output: 1.00) (accuracy 1.00)
Processing layer 4/10
  Processing head 1/8 (softmax output: 1.00) (accuracy 0.98)
  Processing head 2/8 (softmax output: 1.00) (accuracy 0.99)
  Processing head 3/8 (softmax output: 1.00) (accuracy 1.00)
  Processing head 4/8 (softmax output: 1.00) (accuracy 1.00)
  Processing head 5/8 (softmax output: 1.00) (accuracy 1.00)
  Processing head 6/8 (softmax output: 0.99) (accuracy 0.98)
  Processing head 7/8 (softmax output: 1.00) (accuracy 0.99)
  Processing head 8/8 (softmax output: 1.00) (accuracy 1.00)
Processing layer 5/10
  Processing head 1/8 (softmax output: 1.00) (accuracy 1.00)
  Processing head 2/8 (softmax output: 1.00) (accuracy 0.99)
  Processing head 3/8 (softmax output: 1.00) (accuracy 1.00)
  Processing head 4/8 (softmax output: 1.00) (accuracy 1.00)
  Processing head 5/8 (softmax output: 1.00) (accuracy 0.99)
  Processing head 6/8 (softmax output: 1.00) (accuracy 1.00)
  Processing head 7/8 (softmax output: 1.00) (accuracy 1.00)
  Processing head 8/8 (softmax output: 1.00) (accuracy 1.00)
Processing layer 6/10
  Processing head 1/8 (softmax output: 1.00) (accuracy 1.00)
  Processing head 2/8 (softmax output: 1.00) (accuracy 1.00)
  Processing head 3/8 (softmax output: 1.00) (accuracy 0.99)
  Processing head 4/8 (softmax output: 1.00) (accuracy 1.00)
  Processing head 5/8 (softmax output: 1.00) (accuracy 1.00)
  Processing head 6/8 (softmax output: 1.00) (accuracy 1.00)
  Processing head 7/8 (softmax output: 1.00) (accuracy 1.00)
  Processing head 8/8 (softmax output: 1.00) (accuracy 1.00)
Processing layer 7/10
  Processing head 1/8 (softmax output: 1.00) (accuracy 1.00)
  Processing head 2/8 (softmax output: 1.00) (accuracy 1.00)
  Processing head 3/8 (softmax output: 1.00) (accuracy 1.00)
  Processing head 4/8 (softmax output: 1.00) (accuracy 1.00)
  Processing head 5/8 (softmax output: 1.00) (accuracy 1.00)
  Processing head 6/8 (softmax output: 1.00) (accuracy 1.00)
  Processing head 7/8 (softmax output: 1.00) (accuracy 1.00)
  Processing head 8/8 (softmax output: 1.00) (accuracy 1.00)
Processing layer 8/10
  Processing head 1/8 (softmax output: 1.00) (accuracy 1.00)
  Processing head 2/8 (softmax output: 1.00) (accuracy 1.00)
  Processing head 3/8 (softmax output: 1.00) (accuracy 1.00)
  Processing head 4/8 (softmax output: 1.00) (accuracy 1.00)
  Processing head 5/8 (softmax output: 1.00) (accuracy 1.00)
  Processing head 6/8 (softmax output: 1.00) (accuracy 1.00)
  Processing head 7/8 (softmax output: 1.00) (accuracy 1.00)
  Processing head 8/8 (softmax output: 1.00) (accuracy 1.00)
Processing layer 9/10
  Processing head 1/8 (softmax output: 1.00) (accuracy 1.00)
  Processing head 2/8 (softmax output: 1.00) (accuracy 1.00)
  Processing head 3/8 (softmax output: 1.00) (accuracy 1.00)
  Processing head 4/8 (softmax output: 1.00) (accuracy 1.00)
  Processing head 5/8 (softmax output: 1.00) (accuracy 1.00)
  Processing head 6/8 (softmax output: 1.00) (accuracy 1.00)
  Processing head 7/8 (softmax output: 1.00) (accuracy 1.00)
  Processing head 8/8 (softmax output: 1.00) (accuracy 1.00)
Processing layer 10/10
  Processing head 1/8 (softmax output: 1.00) (accuracy 1.00)
  Processing head 2/8 (softmax output: 1.00) (accuracy 1.00)
  Processing head 3/8 (softmax output: 1.00) (accuracy 1.00)
  Processing head 4/8 (softmax output: 1.00) (accuracy 1.00)
  Processing head 5/8 (softmax output: 1.00) (accuracy 1.00)
  Processing head 6/8 (softmax output: 1.00) (accuracy 1.00)
  Processing head 7/8 (softmax output: 1.00) (accuracy 1.00)
  Processing head 8/8 (softmax output: 1.00) (accuracy 1.00)
Trial 5/10: Least influential head so far: (0, 6) with accuracy 1.00 and confidence 1.00 
Processing layer 1/10
  Processing head 1/8 (softmax output: 0.99) (accuracy 0.96)
  Processing head 2/8 (softmax output: 1.00) (accuracy 1.00)
  Processing head 3/8 (already deactivated, skipping)
  Processing head 4/8 (already deactivated, skipping)
  Processing head 5/8 (already deactivated, skipping)
  Processing head 6/8 (already deactivated, skipping)
  Processing head 7/8 (already deactivated, skipping)
  Processing head 8/8 (softmax output: 1.00) (accuracy 1.00)
Processing layer 2/10
  Processing head 1/8 (softmax output: 1.00) (accuracy 1.00)
  Processing head 2/8 (softmax output: 1.00) (accuracy 1.00)
  Processing head 3/8 (softmax output: 1.00) (accuracy 1.00)
  Processing head 4/8 (softmax output: 1.00) (accuracy 1.00)
  Processing head 5/8 (softmax output: 1.00) (accuracy 1.00)
  Processing head 6/8 (softmax output: 1.00) (accuracy 1.00)
  Processing head 7/8 (softmax output: 1.00) (accuracy 1.00)
  Processing head 8/8 (softmax output: 1.00) (accuracy 1.00)
Processing layer 3/10
  Processing head 1/8 (softmax output: 1.00) (accuracy 1.00)
  Processing head 2/8 (softmax output: 1.00) (accuracy 1.00)
  Processing head 3/8 (softmax output: 1.00) (accuracy 1.00)
  Processing head 4/8 (softmax output: 1.00) (accuracy 1.00)
  Processing head 5/8 (softmax output: 1.00) (accuracy 1.00)
  Processing head 6/8 (softmax output: 1.00) (accuracy 1.00)
  Processing head 7/8 (softmax output: 1.00) (accuracy 1.00)
  Processing head 8/8 (softmax output: 1.00) (accuracy 1.00)
Processing layer 4/10
  Processing head 1/8 (softmax output: 1.00) (accuracy 0.98)
  Processing head 2/8 (softmax output: 1.00) (accuracy 0.99)
  Processing head 3/8 (softmax output: 1.00) (accuracy 1.00)
  Processing head 4/8 (softmax output: 1.00) (accuracy 1.00)
  Processing head 5/8 (softmax output: 1.00) (accuracy 1.00)
  Processing head 6/8 (softmax output: 0.99) (accuracy 0.97)
  Processing head 7/8 (softmax output: 1.00) (accuracy 0.99)
  Processing head 8/8 (softmax output: 1.00) (accuracy 1.00)
Processing layer 5/10
  Processing head 1/8 (softmax output: 1.00) (accuracy 1.00)
  Processing head 2/8 (softmax output: 1.00) (accuracy 0.99)
  Processing head 3/8 (softmax output: 1.00) (accuracy 1.00)
  Processing head 4/8 (softmax output: 1.00) (accuracy 1.00)
  Processing head 5/8 (softmax output: 1.00) (accuracy 0.99)
  Processing head 6/8 (softmax output: 1.00) (accuracy 1.00)
  Processing head 7/8 (softmax output: 1.00) (accuracy 1.00)
  Processing head 8/8 (softmax output: 1.00) (accuracy 1.00)
Processing layer 6/10
  Processing head 1/8 (softmax output: 1.00) (accuracy 1.00)
  Processing head 2/8 (softmax output: 1.00) (accuracy 1.00)
  Processing head 3/8 (softmax output: 1.00) (accuracy 0.99)
  Processing head 4/8 (softmax output: 1.00) (accuracy 1.00)
  Processing head 5/8 (softmax output: 1.00) (accuracy 1.00)
  Processing head 6/8 (softmax output: 1.00) (accuracy 1.00)
  Processing head 7/8 (softmax output: 1.00) (accuracy 1.00)
  Processing head 8/8 (softmax output: 1.00) (accuracy 1.00)
Processing layer 7/10
  Processing head 1/8 (softmax output: 1.00) (accuracy 1.00)
  Processing head 2/8 (softmax output: 1.00) (accuracy 1.00)
  Processing head 3/8 (softmax output: 1.00) (accuracy 1.00)
  Processing head 4/8 (softmax output: 1.00) (accuracy 1.00)
  Processing head 5/8 (softmax output: 1.00) (accuracy 1.00)
  Processing head 6/8 (softmax output: 1.00) (accuracy 1.00)
  Processing head 7/8 (softmax output: 1.00) (accuracy 1.00)
  Processing head 8/8 (softmax output: 1.00) (accuracy 1.00)
Processing layer 8/10
  Processing head 1/8 (softmax output: 1.00) (accuracy 1.00)
  Processing head 2/8 (softmax output: 1.00) (accuracy 1.00)
  Processing head 3/8 (softmax output: 1.00) (accuracy 1.00)
  Processing head 4/8 (softmax output: 1.00) (accuracy 1.00)
  Processing head 5/8 (softmax output: 1.00) (accuracy 1.00)
  Processing head 6/8 (softmax output: 1.00) (accuracy 1.00)
  Processing head 7/8 (softmax output: 1.00) (accuracy 1.00)
  Processing head 8/8 (softmax output: 1.00) (accuracy 1.00)
Processing layer 9/10
  Processing head 1/8 (softmax output: 1.00) (accuracy 1.00)
  Processing head 2/8 (softmax output: 1.00) (accuracy 1.00)
  Processing head 3/8 (softmax output: 1.00) (accuracy 1.00)
  Processing head 4/8 (softmax output: 1.00) (accuracy 1.00)
  Processing head 5/8 (softmax output: 1.00) (accuracy 1.00)
  Processing head 6/8 (softmax output: 1.00) (accuracy 1.00)
  Processing head 7/8 (softmax output: 1.00) (accuracy 1.00)
  Processing head 8/8 (softmax output: 1.00) (accuracy 1.00)
Processing layer 10/10
  Processing head 1/8 (softmax output: 1.00) (accuracy 1.00)
  Processing head 2/8 (softmax output: 1.00) (accuracy 1.00)
  Processing head 3/8 (softmax output: 1.00) (accuracy 1.00)
  Processing head 4/8 (softmax output: 1.00) (accuracy 1.00)
  Processing head 5/8 (softmax output: 1.00) (accuracy 1.00)
  Processing head 6/8 (softmax output: 1.00) (accuracy 1.00)
  Processing head 7/8 (softmax output: 1.00) (accuracy 1.00)
  Processing head 8/8 (softmax output: 1.00) (accuracy 1.00)
Trial 6/10: Least influential head so far: (0, 7) with accuracy 1.00 and confidence 1.00 
Processing layer 1/10
  Processing head 1/8 (softmax output: 0.99) (accuracy 0.96)
  Processing head 2/8 (softmax output: 1.00) (accuracy 1.00)
  Processing head 3/8 (already deactivated, skipping)
  Processing head 4/8 (already deactivated, skipping)
  Processing head 5/8 (already deactivated, skipping)
  Processing head 6/8 (already deactivated, skipping)
  Processing head 7/8 (already deactivated, skipping)
  Processing head 8/8 (already deactivated, skipping)
Processing layer 2/10
  Processing head 1/8 (softmax output: 1.00) (accuracy 1.00)
  Processing head 2/8 (softmax output: 1.00) (accuracy 1.00)
  Processing head 3/8 (softmax output: 1.00) (accuracy 1.00)
  Processing head 4/8 (softmax output: 1.00) (accuracy 1.00)
  Processing head 5/8 (softmax output: 1.00) (accuracy 1.00)
  Processing head 6/8 (softmax output: 1.00) (accuracy 1.00)
  Processing head 7/8 (softmax output: 1.00) (accuracy 1.00)
  Processing head 8/8 (softmax output: 1.00) (accuracy 1.00)
Processing layer 3/10
  Processing head 1/8 (softmax output: 1.00) (accuracy 1.00)
  Processing head 2/8 (softmax output: 1.00) (accuracy 1.00)
  Processing head 3/8 (softmax output: 1.00) (accuracy 1.00)
  Processing head 4/8 (softmax output: 1.00) (accuracy 1.00)
  Processing head 5/8 (softmax output: 1.00) (accuracy 1.00)
  Processing head 6/8 (softmax output: 1.00) (accuracy 1.00)
  Processing head 7/8 (softmax output: 1.00) (accuracy 1.00)
  Processing head 8/8 (softmax output: 1.00) (accuracy 1.00)
Processing layer 4/10
  Processing head 1/8 (softmax output: 1.00) (accuracy 0.98)
  Processing head 2/8 (softmax output: 1.00) (accuracy 0.99)
  Processing head 3/8 (softmax output: 1.00) (accuracy 1.00)
  Processing head 4/8 (softmax output: 1.00) (accuracy 1.00)
  Processing head 5/8 (softmax output: 1.00) (accuracy 1.00)
  Processing head 6/8 (softmax output: 0.99) (accuracy 0.97)
  Processing head 7/8 (softmax output: 1.00) (accuracy 0.99)
  Processing head 8/8 (softmax output: 1.00) (accuracy 1.00)
Processing layer 5/10
  Processing head 1/8 (softmax output: 1.00) (accuracy 1.00)
  Processing head 2/8 (softmax output: 1.00) (accuracy 0.99)
  Processing head 3/8 (softmax output: 1.00) (accuracy 1.00)
  Processing head 4/8 (softmax output: 1.00) (accuracy 1.00)
  Processing head 5/8 (softmax output: 1.00) (accuracy 0.99)
  Processing head 6/8 (softmax output: 1.00) (accuracy 1.00)
  Processing head 7/8 (softmax output: 1.00) (accuracy 1.00)
  Processing head 8/8 (softmax output: 1.00) (accuracy 1.00)
Processing layer 6/10
  Processing head 1/8 (softmax output: 1.00) (accuracy 1.00)
  Processing head 2/8 (softmax output: 1.00) (accuracy 1.00)
  Processing head 3/8 (softmax output: 1.00) (accuracy 0.99)
  Processing head 4/8 (softmax output: 1.00) (accuracy 1.00)
  Processing head 5/8 (softmax output: 1.00) (accuracy 1.00)
  Processing head 6/8 (softmax output: 1.00) (accuracy 1.00)
  Processing head 7/8 (softmax output: 1.00) (accuracy 1.00)
  Processing head 8/8 (softmax output: 1.00) (accuracy 1.00)
Processing layer 7/10
  Processing head 1/8 (softmax output: 1.00) (accuracy 1.00)
  Processing head 2/8 (softmax output: 1.00) (accuracy 1.00)
  Processing head 3/8 (softmax output: 1.00) (accuracy 1.00)
  Processing head 4/8 (softmax output: 1.00) (accuracy 1.00)
  Processing head 5/8 (softmax output: 1.00) (accuracy 1.00)
  Processing head 6/8 (softmax output: 1.00) (accuracy 1.00)
  Processing head 7/8 (softmax output: 1.00) (accuracy 1.00)
  Processing head 8/8 (softmax output: 1.00) (accuracy 1.00)
Processing layer 8/10
  Processing head 1/8 (softmax output: 1.00) (accuracy 1.00)
  Processing head 2/8 (softmax output: 1.00) (accuracy 1.00)
  Processing head 3/8 (softmax output: 1.00) (accuracy 1.00)
  Processing head 4/8 (softmax output: 1.00) (accuracy 1.00)
  Processing head 5/8 (softmax output: 1.00) (accuracy 1.00)
  Processing head 6/8 (softmax output: 1.00) (accuracy 1.00)
  Processing head 7/8 (softmax output: 1.00) (accuracy 1.00)
  Processing head 8/8 (softmax output: 1.00) (accuracy 1.00)
Processing layer 9/10
  Processing head 1/8 (softmax output: 1.00) (accuracy 1.00)
  Processing head 2/8 (softmax output: 1.00) (accuracy 1.00)
  Processing head 3/8 (softmax output: 1.00) (accuracy 1.00)
  Processing head 4/8 (softmax output: 1.00) (accuracy 1.00)
  Processing head 5/8 (softmax output: 1.00) (accuracy 1.00)
  Processing head 6/8 (softmax output: 1.00) (accuracy 1.00)
  Processing head 7/8 (softmax output: 1.00) (accuracy 1.00)
  Processing head 8/8 (softmax output: 1.00) (accuracy 1.00)
Processing layer 10/10
  Processing head 1/8 (softmax output: 1.00) (accuracy 1.00)
  Processing head 2/8 (softmax output: 1.00) (accuracy 1.00)
  Processing head 3/8 (softmax output: 1.00) (accuracy 1.00)
  Processing head 4/8 (softmax output: 1.00) (accuracy 1.00)
  Processing head 5/8 (softmax output: 1.00) (accuracy 1.00)
  Processing head 6/8 (softmax output: 1.00) (accuracy 1.00)
  Processing head 7/8 (softmax output: 1.00) (accuracy 1.00)
  Processing head 8/8 (softmax output: 1.00) (accuracy 1.00)
Trial 7/10: Least influential head so far: (1, 0) with accuracy 1.00 and confidence 1.00 
Processing layer 1/10
  Processing head 1/8 (softmax output: 0.99) (accuracy 0.97)
  Processing head 2/8 (softmax output: 1.00) (accuracy 1.00)
  Processing head 3/8 (already deactivated, skipping)
  Processing head 4/8 (already deactivated, skipping)
  Processing head 5/8 (already deactivated, skipping)
  Processing head 6/8 (already deactivated, skipping)
  Processing head 7/8 (already deactivated, skipping)
  Processing head 8/8 (already deactivated, skipping)
Processing layer 2/10
  Processing head 1/8 (already deactivated, skipping)
  Processing head 2/8 (softmax output: 1.00) (accuracy 1.00)
  Processing head 3/8 (softmax output: 1.00) (accuracy 1.00)
  Processing head 4/8 (softmax output: 1.00) (accuracy 1.00)
  Processing head 5/8 (softmax output: 1.00) (accuracy 1.00)
  Processing head 6/8 (softmax output: 1.00) (accuracy 1.00)
  Processing head 7/8 (softmax output: 1.00) (accuracy 1.00)
  Processing head 8/8 (softmax output: 1.00) (accuracy 1.00)
Processing layer 3/10
  Processing head 1/8 (softmax output: 1.00) (accuracy 1.00)
  Processing head 2/8 (softmax output: 1.00) (accuracy 1.00)
  Processing head 3/8 (softmax output: 1.00) (accuracy 1.00)
  Processing head 4/8 (softmax output: 1.00) (accuracy 1.00)
  Processing head 5/8 (softmax output: 1.00) (accuracy 1.00)
  Processing head 6/8 (softmax output: 1.00) (accuracy 1.00)
  Processing head 7/8 (softmax output: 1.00) (accuracy 1.00)
  Processing head 8/8 (softmax output: 1.00) (accuracy 1.00)
Processing layer 4/10
  Processing head 1/8 (softmax output: 1.00) (accuracy 0.98)
  Processing head 2/8 (softmax output: 1.00) (accuracy 0.99)
  Processing head 3/8 (softmax output: 1.00) (accuracy 1.00)
  Processing head 4/8 (softmax output: 1.00) (accuracy 1.00)
  Processing head 5/8 (softmax output: 1.00) (accuracy 1.00)
  Processing head 6/8 (softmax output: 0.99) (accuracy 0.98)
  Processing head 7/8 (softmax output: 1.00) (accuracy 0.98)
  Processing head 8/8 (softmax output: 1.00) (accuracy 1.00)
Processing layer 5/10
  Processing head 1/8 (softmax output: 1.00) (accuracy 1.00)
  Processing head 2/8 (softmax output: 1.00) (accuracy 0.99)
  Processing head 3/8 (softmax output: 1.00) (accuracy 1.00)
  Processing head 4/8 (softmax output: 1.00) (accuracy 1.00)
  Processing head 5/8 (softmax output: 1.00) (accuracy 0.99)
  Processing head 6/8 (softmax output: 1.00) (accuracy 1.00)
  Processing head 7/8 (softmax output: 1.00) (accuracy 1.00)
  Processing head 8/8 (softmax output: 1.00) (accuracy 1.00)
Processing layer 6/10
  Processing head 1/8 (softmax output: 1.00) (accuracy 1.00)
  Processing head 2/8 (softmax output: 1.00) (accuracy 1.00)
  Processing head 3/8 (softmax output: 1.00) (accuracy 0.99)
  Processing head 4/8 (softmax output: 1.00) (accuracy 1.00)
  Processing head 5/8 (softmax output: 1.00) (accuracy 1.00)
  Processing head 6/8 (softmax output: 1.00) (accuracy 1.00)
  Processing head 7/8 (softmax output: 1.00) (accuracy 1.00)
  Processing head 8/8 (softmax output: 1.00) (accuracy 1.00)
Processing layer 7/10
  Processing head 1/8 (softmax output: 1.00) (accuracy 1.00)
  Processing head 2/8 (softmax output: 1.00) (accuracy 1.00)
  Processing head 3/8 (softmax output: 1.00) (accuracy 1.00)
  Processing head 4/8 (softmax output: 1.00) (accuracy 1.00)
  Processing head 5/8 (softmax output: 1.00) (accuracy 1.00)
  Processing head 6/8 (softmax output: 1.00) (accuracy 1.00)
  Processing head 7/8 (softmax output: 1.00) (accuracy 1.00)
  Processing head 8/8 (softmax output: 1.00) (accuracy 1.00)
Processing layer 8/10
  Processing head 1/8 (softmax output: 1.00) (accuracy 1.00)
  Processing head 2/8 (softmax output: 1.00) (accuracy 1.00)
  Processing head 3/8 (softmax output: 1.00) (accuracy 1.00)
  Processing head 4/8 (softmax output: 1.00) (accuracy 1.00)
  Processing head 5/8 (softmax output: 1.00) (accuracy 1.00)
  Processing head 6/8 (softmax output: 1.00) (accuracy 1.00)
  Processing head 7/8 (softmax output: 1.00) (accuracy 1.00)
  Processing head 8/8 (softmax output: 1.00) (accuracy 1.00)
Processing layer 9/10
  Processing head 1/8 (softmax output: 1.00) (accuracy 1.00)
  Processing head 2/8 (softmax output: 1.00) (accuracy 1.00)
  Processing head 3/8 (softmax output: 1.00) (accuracy 1.00)
  Processing head 4/8 (softmax output: 1.00) (accuracy 1.00)
  Processing head 5/8 (softmax output: 1.00) (accuracy 1.00)
  Processing head 6/8 (softmax output: 1.00) (accuracy 1.00)
  Processing head 7/8 (softmax output: 1.00) (accuracy 1.00)
  Processing head 8/8 (softmax output: 1.00) (accuracy 1.00)
Processing layer 10/10
  Processing head 1/8 (softmax output: 1.00) (accuracy 1.00)
  Processing head 2/8 (softmax output: 1.00) (accuracy 1.00)
  Processing head 3/8 (softmax output: 1.00) (accuracy 1.00)
  Processing head 4/8 (softmax output: 1.00) (accuracy 1.00)
  Processing head 5/8 (softmax output: 1.00) (accuracy 1.00)
  Processing head 6/8 (softmax output: 1.00) (accuracy 1.00)
  Processing head 7/8 (softmax output: 1.00) (accuracy 1.00)
  Processing head 8/8 (softmax output: 1.00) (accuracy 1.00)
Trial 8/10: Least influential head so far: (1, 1) with accuracy 1.00 and confidence 1.00 
Processing layer 1/10
  Processing head 1/8 (softmax output: 1.00) (accuracy 0.98)
  Processing head 2/8 (softmax output: 1.00) (accuracy 1.00)
  Processing head 3/8 (already deactivated, skipping)
  Processing head 4/8 (already deactivated, skipping)
  Processing head 5/8 (already deactivated, skipping)
  Processing head 6/8 (already deactivated, skipping)
  Processing head 7/8 (already deactivated, skipping)
  Processing head 8/8 (already deactivated, skipping)
Processing layer 2/10
  Processing head 1/8 (already deactivated, skipping)
  Processing head 2/8 (already deactivated, skipping)
  Processing head 3/8 (softmax output: 1.00) (accuracy 1.00)
  Processing head 4/8 (softmax output: 1.00) (accuracy 1.00)
  Processing head 5/8 (softmax output: 1.00) (accuracy 1.00)
  Processing head 6/8 (softmax output: 1.00) (accuracy 1.00)
  Processing head 7/8 (softmax output: 1.00) (accuracy 1.00)
  Processing head 8/8 (softmax output: 1.00) (accuracy 1.00)
Processing layer 3/10
  Processing head 1/8 (softmax output: 1.00) (accuracy 1.00)
  Processing head 2/8 (softmax output: 1.00) (accuracy 1.00)
  Processing head 3/8 (softmax output: 1.00) (accuracy 1.00)
  Processing head 4/8 (softmax output: 1.00) (accuracy 1.00)
  Processing head 5/8 (softmax output: 1.00) (accuracy 1.00)
  Processing head 6/8 (softmax output: 1.00) (accuracy 1.00)
  Processing head 7/8 (softmax output: 1.00) (accuracy 1.00)
  Processing head 8/8 (softmax output: 1.00) (accuracy 1.00)
Processing layer 4/10
  Processing head 1/8 (softmax output: 1.00) (accuracy 1.00)
  Processing head 2/8 (softmax output: 1.00) (accuracy 0.99)
  Processing head 3/8 (softmax output: 1.00) (accuracy 1.00)
  Processing head 4/8 (softmax output: 1.00) (accuracy 1.00)
  Processing head 5/8 (softmax output: 1.00) (accuracy 1.00)
  Processing head 6/8 (softmax output: 0.99) (accuracy 0.97)
  Processing head 7/8 (softmax output: 1.00) (accuracy 0.98)
  Processing head 8/8 (softmax output: 1.00) (accuracy 1.00)
Processing layer 5/10
  Processing head 1/8 (softmax output: 1.00) (accuracy 1.00)
  Processing head 2/8 (softmax output: 1.00) (accuracy 0.99)
  Processing head 3/8 (softmax output: 1.00) (accuracy 1.00)
  Processing head 4/8 (softmax output: 1.00) (accuracy 1.00)
  Processing head 5/8 (softmax output: 1.00) (accuracy 1.00)
  Processing head 6/8 (softmax output: 1.00) (accuracy 1.00)
  Processing head 7/8 (softmax output: 1.00) (accuracy 1.00)
  Processing head 8/8 (softmax output: 1.00) (accuracy 1.00)
Processing layer 6/10
  Processing head 1/8 (softmax output: 1.00) (accuracy 1.00)
  Processing head 2/8 (softmax output: 1.00) (accuracy 1.00)
  Processing head 3/8 (softmax output: 1.00) (accuracy 1.00)
  Processing head 4/8 (softmax output: 1.00) (accuracy 1.00)
  Processing head 5/8 (softmax output: 1.00) (accuracy 1.00)
  Processing head 6/8 (softmax output: 1.00) (accuracy 1.00)
  Processing head 7/8 (softmax output: 1.00) (accuracy 1.00)
  Processing head 8/8 (softmax output: 1.00) (accuracy 1.00)
Processing layer 7/10
  Processing head 1/8 (softmax output: 1.00) (accuracy 1.00)
  Processing head 2/8 (softmax output: 1.00) (accuracy 1.00)
  Processing head 3/8 (softmax output: 1.00) (accuracy 1.00)
  Processing head 4/8 (softmax output: 1.00) (accuracy 1.00)
  Processing head 5/8 (softmax output: 1.00) (accuracy 1.00)
  Processing head 6/8 (softmax output: 1.00) (accuracy 1.00)
  Processing head 7/8 (softmax output: 1.00) (accuracy 1.00)
  Processing head 8/8 (softmax output: 1.00) (accuracy 1.00)
Processing layer 8/10
  Processing head 1/8 (softmax output: 1.00) (accuracy 1.00)
  Processing head 2/8 (softmax output: 1.00) (accuracy 1.00)
  Processing head 3/8 (softmax output: 1.00) (accuracy 1.00)
  Processing head 4/8 (softmax output: 1.00) (accuracy 1.00)
  Processing head 5/8 (softmax output: 1.00) (accuracy 1.00)
  Processing head 6/8 (softmax output: 1.00) (accuracy 1.00)
  Processing head 7/8 (softmax output: 1.00) (accuracy 1.00)
  Processing head 8/8 (softmax output: 1.00) (accuracy 1.00)
Processing layer 9/10
  Processing head 1/8 (softmax output: 1.00) (accuracy 1.00)
  Processing head 2/8 (softmax output: 1.00) (accuracy 1.00)
  Processing head 3/8 (softmax output: 1.00) (accuracy 1.00)
  Processing head 4/8 (softmax output: 1.00) (accuracy 1.00)
  Processing head 5/8 (softmax output: 1.00) (accuracy 1.00)
  Processing head 6/8 (softmax output: 1.00) (accuracy 1.00)
  Processing head 7/8 (softmax output: 1.00) (accuracy 1.00)
  Processing head 8/8 (softmax output: 1.00) (accuracy 1.00)
Processing layer 10/10
  Processing head 1/8 (softmax output: 1.00) (accuracy 1.00)
  Processing head 2/8 (softmax output: 1.00) (accuracy 1.00)
  Processing head 3/8 (softmax output: 1.00) (accuracy 1.00)
  Processing head 4/8 (softmax output: 1.00) (accuracy 1.00)
  Processing head 5/8 (softmax output: 1.00) (accuracy 1.00)
  Processing head 6/8 (softmax output: 1.00) (accuracy 1.00)
  Processing head 7/8 (softmax output: 1.00) (accuracy 1.00)
  Processing head 8/8 (softmax output: 1.00) (accuracy 1.00)
Trial 9/10: Least influential head so far: (0, 1) with accuracy 1.00 and confidence 1.00 
Processing layer 1/10
  Processing head 1/8 (softmax output: 1.00) (accuracy 0.98)
  Processing head 2/8 (already deactivated, skipping)
  Processing head 3/8 (already deactivated, skipping)
  Processing head 4/8 (already deactivated, skipping)
  Processing head 5/8 (already deactivated, skipping)
  Processing head 6/8 (already deactivated, skipping)
  Processing head 7/8 (already deactivated, skipping)
  Processing head 8/8 (already deactivated, skipping)
Processing layer 2/10
  Processing head 1/8 (already deactivated, skipping)
  Processing head 2/8 (already deactivated, skipping)
  Processing head 3/8 (softmax output: 1.00) (accuracy 0.99)
  Processing head 4/8 (softmax output: 1.00) (accuracy 1.00)
  Processing head 5/8 (softmax output: 0.99) (accuracy 0.99)
  Processing head 6/8 (softmax output: 1.00) (accuracy 1.00)
  Processing head 7/8 (softmax output: 1.00) (accuracy 1.00)
  Processing head 8/8 (softmax output: 1.00) (accuracy 0.98)
Processing layer 3/10
  Processing head 1/8 (softmax output: 1.00) (accuracy 1.00)
  Processing head 2/8 (softmax output: 1.00) (accuracy 1.00)
  Processing head 3/8 (softmax output: 1.00) (accuracy 1.00)
  Processing head 4/8 (softmax output: 1.00) (accuracy 1.00)
  Processing head 5/8 (softmax output: 1.00) (accuracy 1.00)
  Processing head 6/8 (softmax output: 1.00) (accuracy 0.99)
  Processing head 7/8 (softmax output: 1.00) (accuracy 0.99)
  Processing head 8/8 (softmax output: 1.00) (accuracy 0.97)
Processing layer 4/10
  Processing head 1/8 (softmax output: 0.99) (accuracy 0.95)
  Processing head 2/8 (softmax output: 1.00) (accuracy 0.98)
  Processing head 3/8 (softmax output: 1.00) (accuracy 1.00)
  Processing head 4/8 (softmax output: 1.00) (accuracy 1.00)
  Processing head 5/8 (softmax output: 1.00) (accuracy 1.00)
  Processing head 6/8 (softmax output: 0.98) (accuracy 0.94)
  Processing head 7/8 (softmax output: 0.99) (accuracy 0.97)
  Processing head 8/8 (softmax output: 1.00) (accuracy 1.00)
Processing layer 5/10
  Processing head 1/8 (softmax output: 0.99) (accuracy 0.97)
  Processing head 2/8 (softmax output: 0.99) (accuracy 0.98)
  Processing head 3/8 (softmax output: 1.00) (accuracy 1.00)
  Processing head 4/8 (softmax output: 1.00) (accuracy 1.00)
  Processing head 5/8 (softmax output: 1.00) (accuracy 1.00)
  Processing head 6/8 (softmax output: 1.00) (accuracy 1.00)
  Processing head 7/8 (softmax output: 1.00) (accuracy 1.00)
  Processing head 8/8 (softmax output: 1.00) (accuracy 1.00)
Processing layer 6/10
  Processing head 1/8 (softmax output: 1.00) (accuracy 1.00)
  Processing head 2/8 (softmax output: 1.00) (accuracy 1.00)
  Processing head 3/8 (softmax output: 1.00) (accuracy 1.00)
  Processing head 4/8 (softmax output: 1.00) (accuracy 1.00)
  Processing head 5/8 (softmax output: 1.00) (accuracy 1.00)
  Processing head 6/8 (softmax output: 1.00) (accuracy 1.00)
  Processing head 7/8 (softmax output: 1.00) (accuracy 1.00)
  Processing head 8/8 (softmax output: 1.00) (accuracy 1.00)
Processing layer 7/10
  Processing head 1/8 (softmax output: 1.00) (accuracy 1.00)
  Processing head 2/8 (softmax output: 1.00) (accuracy 1.00)
  Processing head 3/8 (softmax output: 1.00) (accuracy 1.00)
  Processing head 4/8 (softmax output: 1.00) (accuracy 1.00)
  Processing head 5/8 (softmax output: 1.00) (accuracy 1.00)
  Processing head 6/8 (softmax output: 1.00) (accuracy 1.00)
  Processing head 7/8 (softmax output: 1.00) (accuracy 1.00)
  Processing head 8/8 (softmax output: 1.00) (accuracy 0.99)
Processing layer 8/10
  Processing head 1/8 (softmax output: 1.00) (accuracy 1.00)
  Processing head 2/8 (softmax output: 1.00) (accuracy 1.00)
  Processing head 3/8 (softmax output: 1.00) (accuracy 1.00)
  Processing head 4/8 (softmax output: 1.00) (accuracy 1.00)
  Processing head 5/8 (softmax output: 1.00) (accuracy 1.00)
  Processing head 6/8 (softmax output: 1.00) (accuracy 1.00)
  Processing head 7/8 (softmax output: 1.00) (accuracy 1.00)
  Processing head 8/8 (softmax output: 1.00) (accuracy 1.00)
Processing layer 9/10
  Processing head 1/8 (softmax output: 1.00) (accuracy 1.00)
  Processing head 2/8 (softmax output: 1.00) (accuracy 1.00)
  Processing head 3/8 (softmax output: 1.00) (accuracy 1.00)
  Processing head 4/8 (softmax output: 1.00) (accuracy 1.00)
  Processing head 5/8 (softmax output: 1.00) (accuracy 1.00)
  Processing head 6/8 (softmax output: 1.00) (accuracy 1.00)
  Processing head 7/8 (softmax output: 1.00) (accuracy 1.00)
  Processing head 8/8 (softmax output: 1.00) (accuracy 1.00)
Processing layer 10/10
  Processing head 1/8 (softmax output: 1.00) (accuracy 1.00)
  Processing head 2/8 (softmax output: 1.00) (accuracy 1.00)
  Processing head 3/8 (softmax output: 1.00) (accuracy 1.00)
  Processing head 4/8 (softmax output: 1.00) (accuracy 1.00)
  Processing head 5/8 (softmax output: 1.00) (accuracy 1.00)
  Processing head 6/8 (softmax output: 1.00) (accuracy 1.00)
  Processing head 7/8 (softmax output: 1.00) (accuracy 1.00)
  Processing head 8/8 (softmax output: 1.00) (accuracy 1.00)
Trial 10/10: Least influential head so far: (2, 0) with accuracy 1.00 and confidence 1.00 
Processing layer 1/10
  Processing head 1/8 (softmax output: 0.99) (accuracy 0.97)
  Processing head 2/8 (already deactivated, skipping)
  Processing head 3/8 (already deactivated, skipping)
  Processing head 4/8 (already deactivated, skipping)
  Processing head 5/8 (already deactivated, skipping)
  Processing head 6/8 (already deactivated, skipping)
  Processing head 7/8 (already deactivated, skipping)
  Processing head 8/8 (already deactivated, skipping)
Processing layer 2/10
  Processing head 1/8 (already deactivated, skipping)
  Processing head 2/8 (already deactivated, skipping)
  Processing head 3/8 (softmax output: 1.00) (accuracy 0.99)
  Processing head 4/8 (softmax output: 1.00) (accuracy 0.99)
  Processing head 5/8 (softmax output: 1.00) (accuracy 0.99)
  Processing head 6/8 (softmax output: 1.00) (accuracy 1.00)
  Processing head 7/8 (softmax output: 1.00) (accuracy 1.00)
  Processing head 8/8 (softmax output: 0.99) (accuracy 0.98)
Processing layer 3/10
  Processing head 1/8 (already deactivated, skipping)
  Processing head 2/8 (softmax output: 1.00) (accuracy 1.00)
  Processing head 3/8 (softmax output: 1.00) (accuracy 1.00)
  Processing head 4/8 (softmax output: 1.00) (accuracy 1.00)
  Processing head 5/8 (softmax output: 1.00) (accuracy 1.00)
  Processing head 6/8 (softmax output: 1.00) (accuracy 0.99)
  Processing head 7/8 (softmax output: 1.00) (accuracy 0.99)
  Processing head 8/8 (softmax output: 1.00) (accuracy 0.97)
Processing layer 4/10
  Processing head 1/8 (softmax output: 0.99) (accuracy 0.94)
  Processing head 2/8 (softmax output: 0.99) (accuracy 0.98)
  Processing head 3/8 (softmax output: 1.00) (accuracy 1.00)
  Processing head 4/8 (softmax output: 1.00) (accuracy 1.00)
  Processing head 5/8 (softmax output: 1.00) (accuracy 1.00)
  Processing head 6/8 (softmax output: 0.98) (accuracy 0.93)
  Processing head 7/8 (softmax output: 1.00) (accuracy 0.96)
  Processing head 8/8 (softmax output: 1.00) (accuracy 1.00)
Processing layer 5/10
  Processing head 1/8 (softmax output: 0.99) (accuracy 0.97)
  Processing head 2/8 (softmax output: 0.99) (accuracy 0.98)
  Processing head 3/8 (softmax output: 1.00) (accuracy 1.00)
  Processing head 4/8 (softmax output: 1.00) (accuracy 1.00)
  Processing head 5/8 (softmax output: 0.99) (accuracy 1.00)
  Processing head 6/8 (softmax output: 1.00) (accuracy 1.00)
  Processing head 7/8 (softmax output: 1.00) (accuracy 1.00)
  Processing head 8/8 (softmax output: 1.00) (accuracy 1.00)
Processing layer 6/10
  Processing head 1/8 (softmax output: 1.00) (accuracy 1.00)
  Processing head 2/8 (softmax output: 1.00) (accuracy 1.00)
  Processing head 3/8 (softmax output: 0.99) (accuracy 0.98)
  Processing head 4/8 (softmax output: 1.00) (accuracy 1.00)
  Processing head 5/8 (softmax output: 1.00) (accuracy 1.00)
  Processing head 6/8 (softmax output: 1.00) (accuracy 1.00)
  Processing head 7/8 (softmax output: 1.00) (accuracy 1.00)
  Processing head 8/8 (softmax output: 1.00) (accuracy 1.00)
Processing layer 7/10
  Processing head 1/8 (softmax output: 1.00) (accuracy 1.00)
  Processing head 2/8 (softmax output: 1.00) (accuracy 1.00)
  Processing head 3/8 (softmax output: 1.00) (accuracy 1.00)
  Processing head 4/8 (softmax output: 1.00) (accuracy 1.00)
  Processing head 5/8 (softmax output: 1.00) (accuracy 1.00)
  Processing head 6/8 (softmax output: 1.00) (accuracy 1.00)
  Processing head 7/8 (softmax output: 1.00) (accuracy 1.00)
  Processing head 8/8 (softmax output: 1.00) (accuracy 0.99)
Processing layer 8/10
  Processing head 1/8 (softmax output: 1.00) (accuracy 1.00)
  Processing head 2/8 (softmax output: 1.00) (accuracy 1.00)
  Processing head 3/8 (softmax output: 1.00) (accuracy 1.00)
  Processing head 4/8 (softmax output: 1.00) (accuracy 1.00)
  Processing head 5/8 (softmax output: 1.00) (accuracy 1.00)
  Processing head 6/8 (softmax output: 1.00) (accuracy 1.00)
  Processing head 7/8 (softmax output: 1.00) (accuracy 1.00)
  Processing head 8/8 (softmax output: 1.00) (accuracy 1.00)
Processing layer 9/10
  Processing head 1/8 (softmax output: 1.00) (accuracy 1.00)
  Processing head 2/8 (softmax output: 1.00) (accuracy 1.00)
  Processing head 3/8 (softmax output: 1.00) (accuracy 1.00)
  Processing head 4/8 (softmax output: 1.00) (accuracy 1.00)
  Processing head 5/8 (softmax output: 1.00) (accuracy 1.00)
  Processing head 6/8 (softmax output: 1.00) (accuracy 1.00)
  Processing head 7/8 (softmax output: 1.00) (accuracy 1.00)
  Processing head 8/8 (softmax output: 1.00) (accuracy 1.00)
Processing layer 10/10
  Processing head 1/8 (softmax output: 1.00) (accuracy 1.00)
  Processing head 2/8 (softmax output: 1.00) (accuracy 1.00)
  Processing head 3/8 (softmax output: 1.00) (accuracy 1.00)
  Processing head 4/8 (softmax output: 1.00) (accuracy 1.00)
  Processing head 5/8 (softmax output: 1.00) (accuracy 1.00)
  Processing head 6/8 (softmax output: 1.00) (accuracy 1.00)
  Processing head 7/8 (softmax output: 1.00) (accuracy 1.00)
  Processing head 8/8 (softmax output: 1.00) (accuracy 1.00)
Trial 11/10: Least influential head so far: (2, 4) with accuracy 1.00 and confidence 1.00 
Processing layer 1/10
  Processing head 1/8 (softmax output: 0.99) (accuracy 0.97)
  Processing head 2/8 (already deactivated, skipping)
  Processing head 3/8 (already deactivated, skipping)
  Processing head 4/8 (already deactivated, skipping)
  Processing head 5/8 (already deactivated, skipping)
  Processing head 6/8 (already deactivated, skipping)
  Processing head 7/8 (already deactivated, skipping)
  Processing head 8/8 (already deactivated, skipping)
Processing layer 2/10
  Processing head 1/8 (already deactivated, skipping)
  Processing head 2/8 (already deactivated, skipping)
  Processing head 3/8 (softmax output: 1.00) (accuracy 0.99)
  Processing head 4/8 (softmax output: 1.00) (accuracy 1.00)
  Processing head 5/8 (softmax output: 1.00) (accuracy 1.00)
  Processing head 6/8 (softmax output: 1.00) (accuracy 1.00)
  Processing head 7/8 (softmax output: 1.00) (accuracy 1.00)
  Processing head 8/8 (softmax output: 0.99) (accuracy 0.99)
Processing layer 3/10
  Processing head 1/8 (already deactivated, skipping)
  Processing head 2/8 (softmax output: 1.00) (accuracy 1.00)
  Processing head 3/8 (softmax output: 1.00) (accuracy 1.00)
  Processing head 4/8 (softmax output: 1.00) (accuracy 1.00)
  Processing head 5/8 (already deactivated, skipping)
  Processing head 6/8 (softmax output: 1.00) (accuracy 0.99)
  Processing head 7/8 (softmax output: 1.00) (accuracy 0.99)
  Processing head 8/8 (softmax output: 1.00) (accuracy 0.97)
Processing layer 4/10
  Processing head 1/8 (softmax output: 0.99) (accuracy 0.94)
  Processing head 2/8 (softmax output: 1.00) (accuracy 0.98)
  Processing head 3/8 (softmax output: 1.00) (accuracy 1.00)
  Processing head 4/8 (softmax output: 1.00) (accuracy 1.00)
  Processing head 5/8 (softmax output: 1.00) (accuracy 1.00)
  Processing head 6/8 (softmax output: 0.98) (accuracy 0.94)
  Processing head 7/8 (softmax output: 1.00) (accuracy 0.97)
  Processing head 8/8 (softmax output: 1.00) (accuracy 1.00)
Processing layer 5/10
  Processing head 1/8 (softmax output: 0.99) (accuracy 0.98)
  Processing head 2/8 (softmax output: 1.00) (accuracy 0.98)
  Processing head 3/8 (softmax output: 1.00) (accuracy 1.00)
  Processing head 4/8 (softmax output: 1.00) (accuracy 1.00)
  Processing head 5/8 (softmax output: 1.00) (accuracy 1.00)
  Processing head 6/8 (softmax output: 1.00) (accuracy 1.00)
  Processing head 7/8 (softmax output: 1.00) (accuracy 1.00)
  Processing head 8/8 (softmax output: 1.00) (accuracy 1.00)
Processing layer 6/10
  Processing head 1/8 (softmax output: 1.00) (accuracy 1.00)
  Processing head 2/8 (softmax output: 1.00) (accuracy 1.00)
  Processing head 3/8 (softmax output: 0.99) (accuracy 1.00)
  Processing head 4/8 (softmax output: 1.00) (accuracy 1.00)
  Processing head 5/8 (softmax output: 1.00) (accuracy 1.00)
  Processing head 6/8 (softmax output: 1.00) (accuracy 1.00)
  Processing head 7/8 (softmax output: 1.00) (accuracy 1.00)
  Processing head 8/8 (softmax output: 1.00) (accuracy 1.00)
Processing layer 7/10
  Processing head 1/8 (softmax output: 1.00) (accuracy 1.00)
  Processing head 2/8 (softmax output: 1.00) (accuracy 1.00)
  Processing head 3/8 (softmax output: 1.00) (accuracy 1.00)
  Processing head 4/8 (softmax output: 1.00) (accuracy 1.00)
  Processing head 5/8 (softmax output: 1.00) (accuracy 1.00)
  Processing head 6/8 (softmax output: 1.00) (accuracy 1.00)
  Processing head 7/8 (softmax output: 1.00) (accuracy 1.00)
  Processing head 8/8 (softmax output: 1.00) (accuracy 0.99)
Processing layer 8/10
  Processing head 1/8 (softmax output: 1.00) (accuracy 1.00)
  Processing head 2/8 (softmax output: 1.00) (accuracy 1.00)
  Processing head 3/8 (softmax output: 1.00) (accuracy 1.00)
  Processing head 4/8 (softmax output: 1.00) (accuracy 1.00)
  Processing head 5/8 (softmax output: 1.00) (accuracy 1.00)
  Processing head 6/8 (softmax output: 1.00) (accuracy 1.00)
  Processing head 7/8 (softmax output: 1.00) (accuracy 1.00)
  Processing head 8/8 (softmax output: 1.00) (accuracy 1.00)
Processing layer 9/10
  Processing head 1/8 (softmax output: 1.00) (accuracy 1.00)
  Processing head 2/8 (softmax output: 1.00) (accuracy 1.00)
  Processing head 3/8 (softmax output: 1.00) (accuracy 1.00)
  Processing head 4/8 (softmax output: 1.00) (accuracy 1.00)
  Processing head 5/8 (softmax output: 1.00) (accuracy 1.00)
  Processing head 6/8 (softmax output: 1.00) (accuracy 1.00)
  Processing head 7/8 (softmax output: 1.00) (accuracy 1.00)
  Processing head 8/8 (softmax output: 1.00) (accuracy 1.00)
Processing layer 10/10
  Processing head 1/8 (softmax output: 1.00) (accuracy 1.00)
  Processing head 2/8 (softmax output: 1.00) (accuracy 1.00)
  Processing head 3/8 (softmax output: 1.00) (accuracy 1.00)
  Processing head 4/8 (softmax output: 1.00) (accuracy 1.00)
  Processing head 5/8 (softmax output: 1.00) (accuracy 1.00)
  Processing head 6/8 (softmax output: 1.00) (accuracy 1.00)
  Processing head 7/8 (softmax output: 1.00) (accuracy 1.00)
  Processing head 8/8 (softmax output: 1.00) (accuracy 1.00)
Trial 12/10: Least influential head so far: (3, 3) with accuracy 1.00 and confidence 1.00 
Processing layer 1/10
  Processing head 1/8 (softmax output: 0.99) (accuracy 0.98)
  Processing head 2/8 (already deactivated, skipping)
  Processing head 3/8 (already deactivated, skipping)
  Processing head 4/8 (already deactivated, skipping)
  Processing head 5/8 (already deactivated, skipping)
  Processing head 6/8 (already deactivated, skipping)
  Processing head 7/8 (already deactivated, skipping)
  Processing head 8/8 (already deactivated, skipping)
Processing layer 2/10
  Processing head 1/8 (already deactivated, skipping)
  Processing head 2/8 (already deactivated, skipping)
  Processing head 3/8 (softmax output: 1.00) (accuracy 0.99)
  Processing head 4/8 (softmax output: 1.00) (accuracy 1.00)
  Processing head 5/8 (softmax output: 0.99) (accuracy 0.99)
  Processing head 6/8 (softmax output: 1.00) (accuracy 1.00)
  Processing head 7/8 (softmax output: 1.00) (accuracy 1.00)
  Processing head 8/8 (softmax output: 0.99) (accuracy 0.99)
Processing layer 3/10
  Processing head 1/8 (already deactivated, skipping)
  Processing head 2/8 (softmax output: 1.00) (accuracy 1.00)
  Processing head 3/8 (softmax output: 1.00) (accuracy 1.00)
  Processing head 4/8 (softmax output: 1.00) (accuracy 1.00)
  Processing head 5/8 (already deactivated, skipping)
  Processing head 6/8 (softmax output: 1.00) (accuracy 0.99)
  Processing head 7/8 (softmax output: 0.99) (accuracy 1.00)
  Processing head 8/8 (softmax output: 1.00) (accuracy 0.97)
Processing layer 4/10
  Processing head 1/8 (softmax output: 0.99) (accuracy 0.94)
  Processing head 2/8 (softmax output: 1.00) (accuracy 0.98)
  Processing head 3/8 (softmax output: 1.00) (accuracy 1.00)
  Processing head 4/8 (already deactivated, skipping)
  Processing head 5/8 (softmax output: 1.00) (accuracy 1.00)
  Processing head 6/8 (softmax output: 0.98) (accuracy 0.94)
  Processing head 7/8 (softmax output: 1.00) (accuracy 0.97)
  Processing head 8/8 (softmax output: 1.00) (accuracy 1.00)
Processing layer 5/10
  Processing head 1/8 (softmax output: 0.99) (accuracy 0.99)
  Processing head 2/8 (softmax output: 0.99) (accuracy 0.98)
  Processing head 3/8 (softmax output: 1.00) (accuracy 1.00)
  Processing head 4/8 (softmax output: 1.00) (accuracy 1.00)
  Processing head 5/8 (softmax output: 1.00) (accuracy 1.00)
  Processing head 6/8 (softmax output: 1.00) (accuracy 1.00)
  Processing head 7/8 (softmax output: 1.00) (accuracy 1.00)
  Processing head 8/8 (softmax output: 1.00) (accuracy 1.00)
Processing layer 6/10
  Processing head 1/8 (softmax output: 1.00) (accuracy 1.00)
  Processing head 2/8 (softmax output: 1.00) (accuracy 1.00)
  Processing head 3/8 (softmax output: 0.99) (accuracy 0.99)
  Processing head 4/8 (softmax output: 1.00) (accuracy 1.00)
  Processing head 5/8 (softmax output: 1.00) (accuracy 1.00)
  Processing head 6/8 (softmax output: 1.00) (accuracy 1.00)
  Processing head 7/8 (softmax output: 1.00) (accuracy 1.00)
  Processing head 8/8 (softmax output: 1.00) (accuracy 1.00)
Processing layer 7/10
  Processing head 1/8 (softmax output: 1.00) (accuracy 1.00)
  Processing head 2/8 (softmax output: 1.00) (accuracy 1.00)
  Processing head 3/8 (softmax output: 1.00) (accuracy 1.00)
  Processing head 4/8 (softmax output: 1.00) (accuracy 1.00)
  Processing head 5/8 (softmax output: 1.00) (accuracy 1.00)
  Processing head 6/8 (softmax output: 1.00) (accuracy 1.00)
  Processing head 7/8 (softmax output: 1.00) (accuracy 1.00)
  Processing head 8/8 (softmax output: 1.00) (accuracy 0.99)
Processing layer 8/10
  Processing head 1/8 (softmax output: 1.00) (accuracy 1.00)
  Processing head 2/8 (softmax output: 1.00) (accuracy 1.00)
  Processing head 3/8 (softmax output: 1.00) (accuracy 1.00)
  Processing head 4/8 (softmax output: 1.00) (accuracy 1.00)
  Processing head 5/8 (softmax output: 1.00) (accuracy 1.00)
  Processing head 6/8 (softmax output: 1.00) (accuracy 1.00)
  Processing head 7/8 (softmax output: 1.00) (accuracy 1.00)
  Processing head 8/8 (softmax output: 1.00) (accuracy 1.00)
Processing layer 9/10
  Processing head 1/8 (softmax output: 1.00) (accuracy 1.00)
  Processing head 2/8 (softmax output: 1.00) (accuracy 1.00)
  Processing head 3/8 (softmax output: 1.00) (accuracy 1.00)
  Processing head 4/8 (softmax output: 1.00) (accuracy 1.00)
  Processing head 5/8 (softmax output: 1.00) (accuracy 1.00)
  Processing head 6/8 (softmax output: 1.00) (accuracy 1.00)
  Processing head 7/8 (softmax output: 1.00) (accuracy 1.00)
  Processing head 8/8 (softmax output: 1.00) (accuracy 1.00)
Processing layer 10/10
  Processing head 1/8 (softmax output: 1.00) (accuracy 1.00)
  Processing head 2/8 (softmax output: 1.00) (accuracy 1.00)
  Processing head 3/8 (softmax output: 1.00) (accuracy 1.00)
  Processing head 4/8 (softmax output: 1.00) (accuracy 1.00)
  Processing head 5/8 (softmax output: 1.00) (accuracy 1.00)
  Processing head 6/8 (softmax output: 1.00) (accuracy 1.00)
  Processing head 7/8 (softmax output: 1.00) (accuracy 1.00)
  Processing head 8/8 (softmax output: 1.00) (accuracy 1.00)
Trial 13/10: Least influential head so far: (2, 1) with accuracy 1.00 and confidence 1.00 
Processing layer 1/10
  Processing head 1/8 (softmax output: 0.99) (accuracy 0.97)
  Processing head 2/8 (already deactivated, skipping)
  Processing head 3/8 (already deactivated, skipping)
  Processing head 4/8 (already deactivated, skipping)
  Processing head 5/8 (already deactivated, skipping)
  Processing head 6/8 (already deactivated, skipping)
  Processing head 7/8 (already deactivated, skipping)
  Processing head 8/8 (already deactivated, skipping)
Processing layer 2/10
  Processing head 1/8 (already deactivated, skipping)
  Processing head 2/8 (already deactivated, skipping)
  Processing head 3/8 (softmax output: 1.00) (accuracy 0.99)
  Processing head 4/8 (softmax output: 1.00) (accuracy 0.99)
  Processing head 5/8 (softmax output: 1.00) (accuracy 0.99)
  Processing head 6/8 (softmax output: 1.00) (accuracy 1.00)
  Processing head 7/8 (softmax output: 1.00) (accuracy 1.00)
  Processing head 8/8 (softmax output: 0.99) (accuracy 0.98)
Processing layer 3/10
  Processing head 1/8 (already deactivated, skipping)
  Processing head 2/8 (already deactivated, skipping)
  Processing head 3/8 (softmax output: 1.00) (accuracy 1.00)
  Processing head 4/8 (softmax output: 1.00) (accuracy 1.00)
  Processing head 5/8 (already deactivated, skipping)
  Processing head 6/8 (softmax output: 1.00) (accuracy 0.99)
  Processing head 7/8 (softmax output: 0.99) (accuracy 1.00)
  Processing head 8/8 (softmax output: 1.00) (accuracy 0.97)
Processing layer 4/10
  Processing head 1/8 (softmax output: 0.99) (accuracy 0.96)
  Processing head 2/8 (softmax output: 1.00) (accuracy 0.98)
  Processing head 3/8 (softmax output: 1.00) (accuracy 1.00)
  Processing head 4/8 (already deactivated, skipping)
  Processing head 5/8 (softmax output: 1.00) (accuracy 1.00)
  Processing head 6/8 (softmax output: 0.98) (accuracy 0.94)
  Processing head 7/8 (softmax output: 0.99) (accuracy 0.96)
  Processing head 8/8 (softmax output: 1.00) (accuracy 1.00)
Processing layer 5/10
  Processing head 1/8 (softmax output: 0.99) (accuracy 0.97)
  Processing head 2/8 (softmax output: 0.99) (accuracy 0.98)
  Processing head 3/8 (softmax output: 1.00) (accuracy 1.00)
  Processing head 4/8 (softmax output: 1.00) (accuracy 1.00)
  Processing head 5/8 (softmax output: 1.00) (accuracy 1.00)
  Processing head 6/8 (softmax output: 1.00) (accuracy 1.00)
  Processing head 7/8 (softmax output: 1.00) (accuracy 1.00)
  Processing head 8/8 (softmax output: 1.00) (accuracy 1.00)
Processing layer 6/10
  Processing head 1/8 (softmax output: 1.00) (accuracy 1.00)
  Processing head 2/8 (softmax output: 1.00) (accuracy 1.00)
  Processing head 3/8 (softmax output: 0.99) (accuracy 0.98)
  Processing head 4/8 (softmax output: 1.00) (accuracy 1.00)
  Processing head 5/8 (softmax output: 1.00) (accuracy 1.00)
  Processing head 6/8 (softmax output: 1.00) (accuracy 1.00)
  Processing head 7/8 (softmax output: 1.00) (accuracy 1.00)
  Processing head 8/8 (softmax output: 1.00) (accuracy 1.00)
Processing layer 7/10
  Processing head 1/8 (softmax output: 1.00) (accuracy 1.00)
  Processing head 2/8 (softmax output: 1.00) (accuracy 1.00)
  Processing head 3/8 (softmax output: 1.00) (accuracy 1.00)
  Processing head 4/8 (softmax output: 1.00) (accuracy 1.00)
  Processing head 5/8 (softmax output: 1.00) (accuracy 1.00)
  Processing head 6/8 (softmax output: 1.00) (accuracy 1.00)
  Processing head 7/8 (softmax output: 1.00) (accuracy 1.00)
  Processing head 8/8 (softmax output: 0.99) (accuracy 0.99)
Processing layer 8/10
  Processing head 1/8 (softmax output: 1.00) (accuracy 1.00)
  Processing head 2/8 (softmax output: 1.00) (accuracy 1.00)
  Processing head 3/8 (softmax output: 1.00) (accuracy 1.00)
  Processing head 4/8 (softmax output: 1.00) (accuracy 1.00)
  Processing head 5/8 (softmax output: 1.00) (accuracy 1.00)
  Processing head 6/8 (softmax output: 1.00) (accuracy 1.00)
  Processing head 7/8 (softmax output: 1.00) (accuracy 1.00)
  Processing head 8/8 (softmax output: 1.00) (accuracy 1.00)
Processing layer 9/10
  Processing head 1/8 (softmax output: 1.00) (accuracy 1.00)
  Processing head 2/8 (softmax output: 1.00) (accuracy 1.00)
  Processing head 3/8 (softmax output: 1.00) (accuracy 1.00)
  Processing head 4/8 (softmax output: 1.00) (accuracy 1.00)
  Processing head 5/8 (softmax output: 1.00) (accuracy 1.00)
  Processing head 6/8 (softmax output: 1.00) (accuracy 1.00)
  Processing head 7/8 (softmax output: 1.00) (accuracy 1.00)
  Processing head 8/8 (softmax output: 1.00) (accuracy 1.00)
Processing layer 10/10
  Processing head 1/8 (softmax output: 1.00) (accuracy 1.00)
  Processing head 2/8 (softmax output: 1.00) (accuracy 1.00)
  Processing head 3/8 (softmax output: 1.00) (accuracy 1.00)
  Processing head 4/8 (softmax output: 1.00) (accuracy 1.00)
  Processing head 5/8 (softmax output: 1.00) (accuracy 1.00)
  Processing head 6/8 (softmax output: 1.00) (accuracy 1.00)
  Processing head 7/8 (softmax output: 1.00) (accuracy 1.00)
  Processing head 8/8 (softmax output: 1.00) (accuracy 1.00)
Trial 14/10: Least influential head so far: (5, 3) with accuracy 1.00 and confidence 1.00 
Processing layer 1/10
  Processing head 1/8 (softmax output: 0.99) (accuracy 0.97)
  Processing head 2/8 (already deactivated, skipping)
  Processing head 3/8 (already deactivated, skipping)
  Processing head 4/8 (already deactivated, skipping)
  Processing head 5/8 (already deactivated, skipping)
  Processing head 6/8 (already deactivated, skipping)
  Processing head 7/8 (already deactivated, skipping)
  Processing head 8/8 (already deactivated, skipping)
Processing layer 2/10
  Processing head 1/8 (already deactivated, skipping)
  Processing head 2/8 (already deactivated, skipping)
  Processing head 3/8 (softmax output: 1.00) (accuracy 0.99)
  Processing head 4/8 (softmax output: 0.99) (accuracy 0.99)
  Processing head 5/8 (softmax output: 1.00) (accuracy 0.99)
  Processing head 6/8 (softmax output: 1.00) (accuracy 0.99)
  Processing head 7/8 (softmax output: 1.00) (accuracy 0.99)
  Processing head 8/8 (softmax output: 0.99) (accuracy 0.97)
Processing layer 3/10
  Processing head 1/8 (already deactivated, skipping)
  Processing head 2/8 (already deactivated, skipping)
  Processing head 3/8 (softmax output: 1.00) (accuracy 1.00)
  Processing head 4/8 (softmax output: 1.00) (accuracy 1.00)
  Processing head 5/8 (already deactivated, skipping)
  Processing head 6/8 (softmax output: 1.00) (accuracy 0.99)
  Processing head 7/8 (softmax output: 1.00) (accuracy 1.00)
  Processing head 8/8 (softmax output: 1.00) (accuracy 0.97)
Processing layer 4/10
  Processing head 1/8 (softmax output: 0.99) (accuracy 0.97)
  Processing head 2/8 (softmax output: 0.99) (accuracy 0.98)
  Processing head 3/8 (softmax output: 1.00) (accuracy 1.00)
  Processing head 4/8 (already deactivated, skipping)
  Processing head 5/8 (softmax output: 1.00) (accuracy 1.00)
  Processing head 6/8 (softmax output: 0.98) (accuracy 0.93)
  Processing head 7/8 (softmax output: 1.00) (accuracy 0.95)
  Processing head 8/8 (softmax output: 1.00) (accuracy 1.00)
Processing layer 5/10
  Processing head 1/8 (softmax output: 0.99) (accuracy 0.98)
  Processing head 2/8 (softmax output: 0.99) (accuracy 0.98)
  Processing head 3/8 (softmax output: 1.00) (accuracy 1.00)
  Processing head 4/8 (softmax output: 1.00) (accuracy 1.00)
  Processing head 5/8 (softmax output: 1.00) (accuracy 1.00)
  Processing head 6/8 (softmax output: 1.00) (accuracy 1.00)
  Processing head 7/8 (softmax output: 1.00) (accuracy 1.00)
  Processing head 8/8 (softmax output: 1.00) (accuracy 1.00)
Processing layer 6/10
  Processing head 1/8 (softmax output: 1.00) (accuracy 1.00)
  Processing head 2/8 (softmax output: 1.00) (accuracy 1.00)
  Processing head 3/8 (softmax output: 0.99) (accuracy 0.98)
  Processing head 4/8 (already deactivated, skipping)
  Processing head 5/8 (softmax output: 1.00) (accuracy 1.00)
  Processing head 6/8 (softmax output: 1.00) (accuracy 1.00)
  Processing head 7/8 (softmax output: 1.00) (accuracy 1.00)
  Processing head 8/8 (softmax output: 1.00) (accuracy 1.00)
Processing layer 7/10
  Processing head 1/8 (softmax output: 1.00) (accuracy 1.00)
  Processing head 2/8 (softmax output: 1.00) (accuracy 1.00)
  Processing head 3/8 (softmax output: 1.00) (accuracy 1.00)
  Processing head 4/8 (softmax output: 1.00) (accuracy 1.00)
  Processing head 5/8 (softmax output: 1.00) (accuracy 1.00)
  Processing head 6/8 (softmax output: 1.00) (accuracy 1.00)
  Processing head 7/8 (softmax output: 1.00) (accuracy 1.00)
  Processing head 8/8 (softmax output: 1.00) (accuracy 1.00)
Processing layer 8/10
  Processing head 1/8 (softmax output: 1.00) (accuracy 1.00)
  Processing head 2/8 (softmax output: 1.00) (accuracy 1.00)
  Processing head 3/8 (softmax output: 1.00) (accuracy 1.00)
  Processing head 4/8 (softmax output: 1.00) (accuracy 1.00)
  Processing head 5/8 (softmax output: 1.00) (accuracy 1.00)
  Processing head 6/8 (softmax output: 1.00) (accuracy 1.00)
  Processing head 7/8 (softmax output: 1.00) (accuracy 1.00)
  Processing head 8/8 (softmax output: 1.00) (accuracy 1.00)
Processing layer 9/10
  Processing head 1/8 (softmax output: 1.00) (accuracy 1.00)
  Processing head 2/8 (softmax output: 1.00) (accuracy 1.00)
  Processing head 3/8 (softmax output: 1.00) (accuracy 1.00)
  Processing head 4/8 (softmax output: 1.00) (accuracy 1.00)
  Processing head 5/8 (softmax output: 1.00) (accuracy 1.00)
  Processing head 6/8 (softmax output: 1.00) (accuracy 1.00)
  Processing head 7/8 (softmax output: 1.00) (accuracy 1.00)
  Processing head 8/8 (softmax output: 1.00) (accuracy 1.00)
Processing layer 10/10
  Processing head 1/8 (softmax output: 1.00) (accuracy 1.00)
  Processing head 2/8 (softmax output: 1.00) (accuracy 1.00)
  Processing head 3/8 (softmax output: 1.00) (accuracy 1.00)
  Processing head 4/8 (softmax output: 1.00) (accuracy 1.00)
  Processing head 5/8 (softmax output: 1.00) (accuracy 1.00)
  Processing head 6/8 (softmax output: 1.00) (accuracy 1.00)
  Processing head 7/8 (softmax output: 1.00) (accuracy 1.00)
  Processing head 8/8 (softmax output: 1.00) (accuracy 1.00)
Trial 15/10: Least influential head so far: (6, 2) with accuracy 1.00 and confidence 1.00 
Processing layer 1/10
  Processing head 1/8 (softmax output: 0.99) (accuracy 0.97)
  Processing head 2/8 (already deactivated, skipping)
  Processing head 3/8 (already deactivated, skipping)
  Processing head 4/8 (already deactivated, skipping)
  Processing head 5/8 (already deactivated, skipping)
  Processing head 6/8 (already deactivated, skipping)
  Processing head 7/8 (already deactivated, skipping)
  Processing head 8/8 (already deactivated, skipping)
Processing layer 2/10
  Processing head 1/8 (already deactivated, skipping)
  Processing head 2/8 (already deactivated, skipping)
  Processing head 3/8 (softmax output: 1.00) (accuracy 0.99)
  Processing head 4/8 (softmax output: 1.00) (accuracy 0.99)
  Processing head 5/8 (softmax output: 1.00) (accuracy 0.99)
  Processing head 6/8 (softmax output: 1.00) (accuracy 0.99)
  Processing head 7/8 (softmax output: 1.00) (accuracy 0.99)
  Processing head 8/8 (softmax output: 0.99) (accuracy 0.97)
Processing layer 3/10
  Processing head 1/8 (already deactivated, skipping)
  Processing head 2/8 (already deactivated, skipping)
  Processing head 3/8 (softmax output: 1.00) (accuracy 1.00)
  Processing head 4/8 (softmax output: 1.00) (accuracy 1.00)
  Processing head 5/8 (already deactivated, skipping)
  Processing head 6/8 (softmax output: 1.00) (accuracy 0.98)
  Processing head 7/8 (softmax output: 1.00) (accuracy 1.00)
  Processing head 8/8 (softmax output: 1.00) (accuracy 0.97)
Processing layer 4/10
  Processing head 1/8 (softmax output: 0.99) (accuracy 0.95)
  Processing head 2/8 (softmax output: 1.00) (accuracy 0.98)
  Processing head 3/8 (softmax output: 0.99) (accuracy 0.99)
  Processing head 4/8 (already deactivated, skipping)
  Processing head 5/8 (softmax output: 1.00) (accuracy 1.00)
  Processing head 6/8 (softmax output: 0.98) (accuracy 0.92)
  Processing head 7/8 (softmax output: 1.00) (accuracy 0.95)
  Processing head 8/8 (softmax output: 1.00) (accuracy 1.00)
Processing layer 5/10
  Processing head 1/8 (softmax output: 0.99) (accuracy 0.97)
  Processing head 2/8 (softmax output: 0.99) (accuracy 0.98)
  Processing head 3/8 (softmax output: 1.00) (accuracy 1.00)
  Processing head 4/8 (softmax output: 0.99) (accuracy 1.00)
  Processing head 5/8 (softmax output: 1.00) (accuracy 1.00)
  Processing head 6/8 (softmax output: 1.00) (accuracy 1.00)
  Processing head 7/8 (softmax output: 1.00) (accuracy 1.00)
  Processing head 8/8 (softmax output: 1.00) (accuracy 1.00)
Processing layer 6/10
  Processing head 1/8 (softmax output: 1.00) (accuracy 0.99)
  Processing head 2/8 (softmax output: 1.00) (accuracy 1.00)
  Processing head 3/8 (softmax output: 0.99) (accuracy 0.98)
  Processing head 4/8 (already deactivated, skipping)
  Processing head 5/8 (softmax output: 1.00) (accuracy 1.00)
  Processing head 6/8 (softmax output: 1.00) (accuracy 1.00)
  Processing head 7/8 (softmax output: 1.00) (accuracy 1.00)
  Processing head 8/8 (softmax output: 1.00) (accuracy 1.00)
Processing layer 7/10
  Processing head 1/8 (softmax output: 1.00) (accuracy 1.00)
  Processing head 2/8 (softmax output: 1.00) (accuracy 1.00)
  Processing head 3/8 (already deactivated, skipping)
  Processing head 4/8 (softmax output: 1.00) (accuracy 1.00)
  Processing head 5/8 (softmax output: 1.00) (accuracy 1.00)
  Processing head 6/8 (softmax output: 1.00) (accuracy 1.00)
  Processing head 7/8 (softmax output: 1.00) (accuracy 1.00)
  Processing head 8/8 (softmax output: 1.00) (accuracy 1.00)
Processing layer 8/10
  Processing head 1/8 (softmax output: 1.00) (accuracy 1.00)
  Processing head 2/8 (softmax output: 1.00) (accuracy 1.00)
  Processing head 3/8 (softmax output: 1.00) (accuracy 1.00)
  Processing head 4/8 (softmax output: 1.00) (accuracy 1.00)
  Processing head 5/8 (softmax output: 1.00) (accuracy 1.00)
  Processing head 6/8 (softmax output: 1.00) (accuracy 1.00)
  Processing head 7/8 (softmax output: 1.00) (accuracy 1.00)
  Processing head 8/8 (softmax output: 1.00) (accuracy 1.00)
Processing layer 9/10
  Processing head 1/8 (softmax output: 1.00) (accuracy 1.00)
  Processing head 2/8 (softmax output: 1.00) (accuracy 1.00)
  Processing head 3/8 (softmax output: 1.00) (accuracy 1.00)
  Processing head 4/8 (softmax output: 1.00) (accuracy 1.00)
  Processing head 5/8 (softmax output: 1.00) (accuracy 1.00)
  Processing head 6/8 (softmax output: 1.00) (accuracy 1.00)
  Processing head 7/8 (softmax output: 1.00) (accuracy 1.00)
  Processing head 8/8 (softmax output: 1.00) (accuracy 1.00)
Processing layer 10/10
  Processing head 1/8 (softmax output: 1.00) (accuracy 1.00)
  Processing head 2/8 (softmax output: 1.00) (accuracy 1.00)
  Processing head 3/8 (softmax output: 1.00) (accuracy 1.00)
  Processing head 4/8 (softmax output: 1.00) (accuracy 1.00)
  Processing head 5/8 (softmax output: 1.00) (accuracy 1.00)
  Processing head 6/8 (softmax output: 1.00) (accuracy 1.00)
  Processing head 7/8 (softmax output: 1.00) (accuracy 1.00)
  Processing head 8/8 (softmax output: 1.00) (accuracy 1.00)
Trial 16/10: Least influential head so far: (4, 2) with accuracy 1.00 and confidence 1.00 
Processing layer 1/10
  Processing head 1/8 (softmax output: 0.99) (accuracy 0.97)
  Processing head 2/8 (already deactivated, skipping)
  Processing head 3/8 (already deactivated, skipping)
  Processing head 4/8 (already deactivated, skipping)
  Processing head 5/8 (already deactivated, skipping)
  Processing head 6/8 (already deactivated, skipping)
  Processing head 7/8 (already deactivated, skipping)
  Processing head 8/8 (already deactivated, skipping)
Processing layer 2/10
  Processing head 1/8 (already deactivated, skipping)
  Processing head 2/8 (already deactivated, skipping)
  Processing head 3/8 (softmax output: 1.00) (accuracy 0.99)
  Processing head 4/8 (softmax output: 1.00) (accuracy 1.00)
  Processing head 5/8 (softmax output: 1.00) (accuracy 0.99)
  Processing head 6/8 (softmax output: 1.00) (accuracy 1.00)
  Processing head 7/8 (softmax output: 1.00) (accuracy 1.00)
  Processing head 8/8 (softmax output: 0.99) (accuracy 0.97)
Processing layer 3/10
  Processing head 1/8 (already deactivated, skipping)
  Processing head 2/8 (already deactivated, skipping)
  Processing head 3/8 (softmax output: 1.00) (accuracy 1.00)
  Processing head 4/8 (softmax output: 1.00) (accuracy 1.00)
  Processing head 5/8 (already deactivated, skipping)
  Processing head 6/8 (softmax output: 1.00) (accuracy 0.98)
  Processing head 7/8 (softmax output: 1.00) (accuracy 0.99)
  Processing head 8/8 (softmax output: 0.99) (accuracy 0.97)
Processing layer 4/10
  Processing head 1/8 (softmax output: 0.99) (accuracy 0.96)
  Processing head 2/8 (softmax output: 1.00) (accuracy 0.98)
  Processing head 3/8 (softmax output: 1.00) (accuracy 1.00)
  Processing head 4/8 (already deactivated, skipping)
  Processing head 5/8 (softmax output: 1.00) (accuracy 0.99)
  Processing head 6/8 (softmax output: 0.97) (accuracy 0.93)
  Processing head 7/8 (softmax output: 1.00) (accuracy 0.95)
  Processing head 8/8 (softmax output: 1.00) (accuracy 1.00)
Processing layer 5/10
  Processing head 1/8 (softmax output: 0.99) (accuracy 0.97)
  Processing head 2/8 (softmax output: 0.99) (accuracy 0.98)
  Processing head 3/8 (already deactivated, skipping)
  Processing head 4/8 (softmax output: 0.99) (accuracy 1.00)
  Processing head 5/8 (softmax output: 1.00) (accuracy 1.00)
  Processing head 6/8 (softmax output: 1.00) (accuracy 1.00)
  Processing head 7/8 (softmax output: 1.00) (accuracy 1.00)
  Processing head 8/8 (softmax output: 1.00) (accuracy 1.00)
Processing layer 6/10
  Processing head 1/8 (softmax output: 1.00) (accuracy 0.99)
  Processing head 2/8 (softmax output: 1.00) (accuracy 1.00)
  Processing head 3/8 (softmax output: 0.99) (accuracy 0.98)
  Processing head 4/8 (already deactivated, skipping)
  Processing head 5/8 (softmax output: 1.00) (accuracy 1.00)
  Processing head 6/8 (softmax output: 1.00) (accuracy 1.00)
  Processing head 7/8 (softmax output: 1.00) (accuracy 1.00)
  Processing head 8/8 (softmax output: 1.00) (accuracy 1.00)
Processing layer 7/10
  Processing head 1/8 (softmax output: 1.00) (accuracy 1.00)
  Processing head 2/8 (softmax output: 1.00) (accuracy 1.00)
  Processing head 3/8 (already deactivated, skipping)
  Processing head 4/8 (softmax output: 1.00) (accuracy 1.00)
  Processing head 5/8 (softmax output: 1.00) (accuracy 1.00)
  Processing head 6/8 (softmax output: 1.00) (accuracy 1.00)
  Processing head 7/8 (softmax output: 1.00) (accuracy 1.00)
  Processing head 8/8 (softmax output: 1.00) (accuracy 0.99)
Processing layer 8/10
  Processing head 1/8 (softmax output: 1.00) (accuracy 1.00)
  Processing head 2/8 (softmax output: 1.00) (accuracy 1.00)
  Processing head 3/8 (softmax output: 1.00) (accuracy 1.00)
  Processing head 4/8 (softmax output: 1.00) (accuracy 1.00)
  Processing head 5/8 (softmax output: 1.00) (accuracy 1.00)
  Processing head 6/8 (softmax output: 1.00) (accuracy 1.00)
  Processing head 7/8 (softmax output: 1.00) (accuracy 1.00)
  Processing head 8/8 (softmax output: 1.00) (accuracy 1.00)
Processing layer 9/10
  Processing head 1/8 (softmax output: 1.00) (accuracy 1.00)
  Processing head 2/8 (softmax output: 1.00) (accuracy 1.00)
  Processing head 3/8 (softmax output: 1.00) (accuracy 1.00)
  Processing head 4/8 (softmax output: 1.00) (accuracy 1.00)
  Processing head 5/8 (softmax output: 1.00) (accuracy 1.00)
  Processing head 6/8 (softmax output: 1.00) (accuracy 1.00)
  Processing head 7/8 (softmax output: 1.00) (accuracy 1.00)
  Processing head 8/8 (softmax output: 1.00) (accuracy 1.00)
Processing layer 10/10
  Processing head 1/8 (softmax output: 1.00) (accuracy 1.00)
  Processing head 2/8 (softmax output: 1.00) (accuracy 1.00)
  Processing head 3/8 (softmax output: 1.00) (accuracy 1.00)
  Processing head 4/8 (softmax output: 1.00) (accuracy 1.00)
  Processing head 5/8 (softmax output: 1.00) (accuracy 1.00)
  Processing head 6/8 (softmax output: 1.00) (accuracy 1.00)
  Processing head 7/8 (softmax output: 1.00) (accuracy 1.00)
  Processing head 8/8 (softmax output: 1.00) (accuracy 1.00)
Trial 17/10: Least influential head so far: (7, 5) with accuracy 1.00 and confidence 1.00 
Processing layer 1/10
  Processing head 1/8 (softmax output: 0.98) (accuracy 0.97)
  Processing head 2/8 (already deactivated, skipping)
  Processing head 3/8 (already deactivated, skipping)
  Processing head 4/8 (already deactivated, skipping)
  Processing head 5/8 (already deactivated, skipping)
  Processing head 6/8 (already deactivated, skipping)
  Processing head 7/8 (already deactivated, skipping)
  Processing head 8/8 (already deactivated, skipping)
Processing layer 2/10
  Processing head 1/8 (already deactivated, skipping)
  Processing head 2/8 (already deactivated, skipping)
  Processing head 3/8 (softmax output: 1.00) (accuracy 0.99)
  Processing head 4/8 (softmax output: 1.00) (accuracy 0.99)
  Processing head 5/8 (softmax output: 1.00) (accuracy 0.99)
  Processing head 6/8 (softmax output: 1.00) (accuracy 1.00)
  Processing head 7/8 (softmax output: 1.00) (accuracy 1.00)
  Processing head 8/8 (softmax output: 0.99) (accuracy 0.97)
Processing layer 3/10
  Processing head 1/8 (already deactivated, skipping)
  Processing head 2/8 (already deactivated, skipping)
  Processing head 3/8 (softmax output: 1.00) (accuracy 1.00)
  Processing head 4/8 (softmax output: 1.00) (accuracy 1.00)
  Processing head 5/8 (already deactivated, skipping)
  Processing head 6/8 (softmax output: 1.00) (accuracy 0.98)
  Processing head 7/8 (softmax output: 1.00) (accuracy 0.99)
  Processing head 8/8 (softmax output: 1.00) (accuracy 0.97)
Processing layer 4/10
  Processing head 1/8 (softmax output: 0.99) (accuracy 0.95)
  Processing head 2/8 (softmax output: 1.00) (accuracy 0.98)
  Processing head 3/8 (softmax output: 1.00) (accuracy 1.00)
  Processing head 4/8 (already deactivated, skipping)
  Processing head 5/8 (softmax output: 1.00) (accuracy 0.99)
  Processing head 6/8 (softmax output: 0.98) (accuracy 0.94)
  Processing head 7/8 (softmax output: 1.00) (accuracy 0.95)
  Processing head 8/8 (softmax output: 1.00) (accuracy 1.00)
Processing layer 5/10
  Processing head 1/8 (softmax output: 0.99) (accuracy 0.97)
  Processing head 2/8 (softmax output: 0.99) (accuracy 0.98)
  Processing head 3/8 (already deactivated, skipping)
  Processing head 4/8 (softmax output: 0.99) (accuracy 1.00)
  Processing head 5/8 (softmax output: 1.00) (accuracy 1.00)
  Processing head 6/8 (softmax output: 1.00) (accuracy 1.00)
  Processing head 7/8 (softmax output: 1.00) (accuracy 1.00)
  Processing head 8/8 (softmax output: 1.00) (accuracy 1.00)
Processing layer 6/10
  Processing head 1/8 (softmax output: 1.00) (accuracy 0.99)
  Processing head 2/8 (softmax output: 1.00) (accuracy 1.00)
  Processing head 3/8 (softmax output: 0.99) (accuracy 0.98)
  Processing head 4/8 (already deactivated, skipping)
  Processing head 5/8 (softmax output: 1.00) (accuracy 1.00)
  Processing head 6/8 (softmax output: 1.00) (accuracy 1.00)
  Processing head 7/8 (softmax output: 1.00) (accuracy 1.00)
  Processing head 8/8 (softmax output: 1.00) (accuracy 1.00)
Processing layer 7/10
  Processing head 1/8 (softmax output: 1.00) (accuracy 1.00)
  Processing head 2/8 (softmax output: 1.00) (accuracy 1.00)
  Processing head 3/8 (already deactivated, skipping)
  Processing head 4/8 (softmax output: 1.00) (accuracy 1.00)
  Processing head 5/8 (softmax output: 1.00) (accuracy 1.00)
  Processing head 6/8 (softmax output: 1.00) (accuracy 1.00)
  Processing head 7/8 (softmax output: 1.00) (accuracy 1.00)
  Processing head 8/8 (softmax output: 1.00) (accuracy 0.99)
Processing layer 8/10
  Processing head 1/8 (softmax output: 1.00) (accuracy 1.00)
  Processing head 2/8 (softmax output: 1.00) (accuracy 1.00)
  Processing head 3/8 (softmax output: 1.00) (accuracy 1.00)
  Processing head 4/8 (softmax output: 1.00) (accuracy 1.00)
  Processing head 5/8 (softmax output: 1.00) (accuracy 1.00)
  Processing head 6/8 (already deactivated, skipping)
  Processing head 7/8 (softmax output: 1.00) (accuracy 1.00)
  Processing head 8/8 (softmax output: 1.00) (accuracy 1.00)
Processing layer 9/10
  Processing head 1/8 (softmax output: 1.00) (accuracy 1.00)
  Processing head 2/8 (softmax output: 1.00) (accuracy 1.00)
  Processing head 3/8 (softmax output: 1.00) (accuracy 1.00)
  Processing head 4/8 (softmax output: 1.00) (accuracy 1.00)
  Processing head 5/8 (softmax output: 1.00) (accuracy 1.00)
  Processing head 6/8 (softmax output: 1.00) (accuracy 1.00)
  Processing head 7/8 (softmax output: 1.00) (accuracy 1.00)
  Processing head 8/8 (softmax output: 1.00) (accuracy 1.00)
Processing layer 10/10
  Processing head 1/8 (softmax output: 1.00) (accuracy 1.00)
  Processing head 2/8 (softmax output: 1.00) (accuracy 1.00)
  Processing head 3/8 (softmax output: 1.00) (accuracy 1.00)
  Processing head 4/8 (softmax output: 1.00) (accuracy 1.00)
  Processing head 5/8 (softmax output: 1.00) (accuracy 1.00)
  Processing head 6/8 (softmax output: 1.00) (accuracy 1.00)
  Processing head 7/8 (softmax output: 1.00) (accuracy 1.00)
  Processing head 8/8 (softmax output: 1.00) (accuracy 1.00)
Trial 18/10: Least influential head so far: (4, 7) with accuracy 1.00 and confidence 1.00 
Processing layer 1/10
  Processing head 1/8 (softmax output: 0.99) (accuracy 0.96)
  Processing head 2/8 (already deactivated, skipping)
  Processing head 3/8 (already deactivated, skipping)
  Processing head 4/8 (already deactivated, skipping)
  Processing head 5/8 (already deactivated, skipping)
  Processing head 6/8 (already deactivated, skipping)
  Processing head 7/8 (already deactivated, skipping)
  Processing head 8/8 (already deactivated, skipping)
Processing layer 2/10
  Processing head 1/8 (already deactivated, skipping)
  Processing head 2/8 (already deactivated, skipping)
  Processing head 3/8 (softmax output: 1.00) (accuracy 0.99)
  Processing head 4/8 (softmax output: 1.00) (accuracy 0.99)
  Processing head 5/8 (softmax output: 1.00) (accuracy 0.99)
  Processing head 6/8 (softmax output: 1.00) (accuracy 1.00)
  Processing head 7/8 (softmax output: 1.00) (accuracy 1.00)
  Processing head 8/8 (softmax output: 0.99) (accuracy 0.97)
Processing layer 3/10
  Processing head 1/8 (already deactivated, skipping)
  Processing head 2/8 (already deactivated, skipping)
  Processing head 3/8 (softmax output: 1.00) (accuracy 1.00)
  Processing head 4/8 (softmax output: 1.00) (accuracy 1.00)
  Processing head 5/8 (already deactivated, skipping)
  Processing head 6/8 (softmax output: 1.00) (accuracy 0.98)
  Processing head 7/8 (softmax output: 1.00) (accuracy 0.99)
  Processing head 8/8 (softmax output: 1.00) (accuracy 0.97)
Processing layer 4/10
  Processing head 1/8 (softmax output: 0.99) (accuracy 0.96)
  Processing head 2/8 (softmax output: 1.00) (accuracy 0.98)
  Processing head 3/8 (softmax output: 1.00) (accuracy 0.98)
  Processing head 4/8 (already deactivated, skipping)
  Processing head 5/8 (softmax output: 1.00) (accuracy 0.99)
  Processing head 6/8 (softmax output: 0.98) (accuracy 0.94)
  Processing head 7/8 (softmax output: 0.99) (accuracy 0.96)
  Processing head 8/8 (softmax output: 1.00) (accuracy 1.00)
Processing layer 5/10
  Processing head 1/8 (softmax output: 0.99) (accuracy 0.97)
  Processing head 2/8 (softmax output: 0.99) (accuracy 0.98)
  Processing head 3/8 (already deactivated, skipping)
  Processing head 4/8 (softmax output: 0.99) (accuracy 1.00)
  Processing head 5/8 (softmax output: 1.00) (accuracy 1.00)
  Processing head 6/8 (softmax output: 1.00) (accuracy 1.00)
  Processing head 7/8 (softmax output: 1.00) (accuracy 1.00)
  Processing head 8/8 (already deactivated, skipping)
Processing layer 6/10
  Processing head 1/8 (softmax output: 1.00) (accuracy 0.99)
  Processing head 2/8 (softmax output: 1.00) (accuracy 1.00)
  Processing head 3/8 (softmax output: 0.98) (accuracy 0.97)
  Processing head 4/8 (already deactivated, skipping)
  Processing head 5/8 (softmax output: 1.00) (accuracy 0.99)
  Processing head 6/8 (softmax output: 1.00) (accuracy 1.00)
  Processing head 7/8 (softmax output: 1.00) (accuracy 1.00)
  Processing head 8/8 (softmax output: 1.00) (accuracy 1.00)
Processing layer 7/10
  Processing head 1/8 (softmax output: 1.00) (accuracy 1.00)
  Processing head 2/8 (softmax output: 1.00) (accuracy 1.00)
  Processing head 3/8 (already deactivated, skipping)
  Processing head 4/8 (softmax output: 1.00) (accuracy 1.00)
  Processing head 5/8 (softmax output: 1.00) (accuracy 1.00)
  Processing head 6/8 (softmax output: 1.00) (accuracy 1.00)
  Processing head 7/8 (softmax output: 1.00) (accuracy 1.00)
  Processing head 8/8 (softmax output: 1.00) (accuracy 0.99)
Processing layer 8/10
  Processing head 1/8 (softmax output: 1.00) (accuracy 1.00)
  Processing head 2/8 (softmax output: 1.00) (accuracy 1.00)
  Processing head 3/8 (softmax output: 1.00) (accuracy 1.00)
  Processing head 4/8 (softmax output: 1.00) (accuracy 1.00)
  Processing head 5/8 (softmax output: 1.00) (accuracy 1.00)
  Processing head 6/8 (already deactivated, skipping)
  Processing head 7/8 (softmax output: 1.00) (accuracy 1.00)
  Processing head 8/8 (softmax output: 1.00) (accuracy 1.00)
Processing layer 9/10
  Processing head 1/8 (softmax output: 1.00) (accuracy 1.00)
  Processing head 2/8 (softmax output: 1.00) (accuracy 1.00)
  Processing head 3/8 (softmax output: 1.00) (accuracy 1.00)
  Processing head 4/8 (softmax output: 1.00) (accuracy 1.00)
  Processing head 5/8 (softmax output: 1.00) (accuracy 1.00)
  Processing head 6/8 (softmax output: 1.00) (accuracy 1.00)
  Processing head 7/8 (softmax output: 1.00) (accuracy 1.00)
  Processing head 8/8 (softmax output: 1.00) (accuracy 1.00)
Processing layer 10/10
  Processing head 1/8 (softmax output: 1.00) (accuracy 1.00)
  Processing head 2/8 (softmax output: 1.00) (accuracy 1.00)
  Processing head 3/8 (softmax output: 1.00) (accuracy 1.00)
  Processing head 4/8 (softmax output: 1.00) (accuracy 1.00)
  Processing head 5/8 (softmax output: 1.00) (accuracy 1.00)
  Processing head 6/8 (softmax output: 1.00) (accuracy 1.00)
  Processing head 7/8 (softmax output: 1.00) (accuracy 1.00)
  Processing head 8/8 (softmax output: 1.00) (accuracy 1.00)
Trial 19/10: Least influential head so far: (5, 5) with accuracy 1.00 and confidence 1.00 
Processing layer 1/10
  Processing head 1/8 (softmax output: 0.99) (accuracy 0.96)
  Processing head 2/8 (already deactivated, skipping)
  Processing head 3/8 (already deactivated, skipping)
  Processing head 4/8 (already deactivated, skipping)
  Processing head 5/8 (already deactivated, skipping)
  Processing head 6/8 (already deactivated, skipping)
  Processing head 7/8 (already deactivated, skipping)
  Processing head 8/8 (already deactivated, skipping)
Processing layer 2/10
  Processing head 1/8 (already deactivated, skipping)
  Processing head 2/8 (already deactivated, skipping)
  Processing head 3/8 (softmax output: 1.00) (accuracy 0.99)
  Processing head 4/8 (softmax output: 1.00) (accuracy 0.99)
  Processing head 5/8 (softmax output: 1.00) (accuracy 0.99)
  Processing head 6/8 (softmax output: 1.00) (accuracy 1.00)
  Processing head 7/8 (softmax output: 1.00) (accuracy 1.00)
  Processing head 8/8 (softmax output: 1.00) (accuracy 0.97)
Processing layer 3/10
  Processing head 1/8 (already deactivated, skipping)
  Processing head 2/8 (already deactivated, skipping)
  Processing head 3/8 (softmax output: 1.00) (accuracy 1.00)
  Processing head 4/8 (softmax output: 1.00) (accuracy 1.00)
  Processing head 5/8 (already deactivated, skipping)
  Processing head 6/8 (softmax output: 1.00) (accuracy 0.98)
  Processing head 7/8 (softmax output: 1.00) (accuracy 0.99)
  Processing head 8/8 (softmax output: 1.00) (accuracy 0.97)
Processing layer 4/10
  Processing head 1/8 (softmax output: 0.99) (accuracy 0.96)
  Processing head 2/8 (softmax output: 0.99) (accuracy 0.98)
  Processing head 3/8 (softmax output: 1.00) (accuracy 0.98)
  Processing head 4/8 (already deactivated, skipping)
  Processing head 5/8 (softmax output: 1.00) (accuracy 0.99)
  Processing head 6/8 (softmax output: 0.97) (accuracy 0.94)
  Processing head 7/8 (softmax output: 0.99) (accuracy 0.96)
  Processing head 8/8 (softmax output: 1.00) (accuracy 1.00)
Processing layer 5/10
  Processing head 1/8 (softmax output: 0.99) (accuracy 0.97)
  Processing head 2/8 (softmax output: 0.99) (accuracy 0.98)
  Processing head 3/8 (already deactivated, skipping)
  Processing head 4/8 (softmax output: 0.99) (accuracy 0.99)
  Processing head 5/8 (softmax output: 1.00) (accuracy 1.00)
  Processing head 6/8 (softmax output: 1.00) (accuracy 1.00)
  Processing head 7/8 (softmax output: 1.00) (accuracy 1.00)
  Processing head 8/8 (already deactivated, skipping)
Processing layer 6/10
  Processing head 1/8 (softmax output: 1.00) (accuracy 0.99)
  Processing head 2/8 (softmax output: 1.00) (accuracy 1.00)
  Processing head 3/8 (softmax output: 0.98) (accuracy 0.97)
  Processing head 4/8 (already deactivated, skipping)
  Processing head 5/8 (softmax output: 1.00) (accuracy 0.99)
  Processing head 6/8 (already deactivated, skipping)
  Processing head 7/8 (softmax output: 1.00) (accuracy 1.00)
  Processing head 8/8 (softmax output: 1.00) (accuracy 1.00)
Processing layer 7/10
  Processing head 1/8 (softmax output: 1.00) (accuracy 1.00)
  Processing head 2/8 (softmax output: 1.00) (accuracy 1.00)
  Processing head 3/8 (already deactivated, skipping)
  Processing head 4/8 (softmax output: 1.00) (accuracy 1.00)
  Processing head 5/8 (softmax output: 1.00) (accuracy 1.00)
  Processing head 6/8 (softmax output: 1.00) (accuracy 1.00)
  Processing head 7/8 (softmax output: 1.00) (accuracy 1.00)
  Processing head 8/8 (softmax output: 1.00) (accuracy 0.99)
Processing layer 8/10
  Processing head 1/8 (softmax output: 1.00) (accuracy 1.00)
  Processing head 2/8 (softmax output: 1.00) (accuracy 1.00)
  Processing head 3/8 (softmax output: 1.00) (accuracy 1.00)
  Processing head 4/8 (softmax output: 1.00) (accuracy 1.00)
  Processing head 5/8 (softmax output: 1.00) (accuracy 1.00)
  Processing head 6/8 (already deactivated, skipping)
  Processing head 7/8 (softmax output: 1.00) (accuracy 1.00)
  Processing head 8/8 (softmax output: 1.00) (accuracy 1.00)
Processing layer 9/10
  Processing head 1/8 (softmax output: 1.00) (accuracy 1.00)
  Processing head 2/8 (softmax output: 1.00) (accuracy 1.00)
  Processing head 3/8 (softmax output: 1.00) (accuracy 1.00)
  Processing head 4/8 (softmax output: 1.00) (accuracy 1.00)
  Processing head 5/8 (softmax output: 1.00) (accuracy 1.00)
  Processing head 6/8 (softmax output: 1.00) (accuracy 1.00)
  Processing head 7/8 (softmax output: 1.00) (accuracy 1.00)
  Processing head 8/8 (softmax output: 1.00) (accuracy 1.00)
Processing layer 10/10
  Processing head 1/8 (softmax output: 1.00) (accuracy 1.00)
  Processing head 2/8 (softmax output: 1.00) (accuracy 1.00)
  Processing head 3/8 (softmax output: 1.00) (accuracy 1.00)
  Processing head 4/8 (softmax output: 1.00) (accuracy 1.00)
  Processing head 5/8 (softmax output: 1.00) (accuracy 1.00)
  Processing head 6/8 (softmax output: 1.00) (accuracy 1.00)
  Processing head 7/8 (softmax output: 1.00) (accuracy 1.00)
  Processing head 8/8 (softmax output: 1.00) (accuracy 1.00)
Trial 20/10: Least influential head so far: (6, 3) with accuracy 1.00 and confidence 1.00 
Processing layer 1/10
  Processing head 1/8 (softmax output: 0.99) (accuracy 0.97)
  Processing head 2/8 (already deactivated, skipping)
  Processing head 3/8 (already deactivated, skipping)
  Processing head 4/8 (already deactivated, skipping)
  Processing head 5/8 (already deactivated, skipping)
  Processing head 6/8 (already deactivated, skipping)
  Processing head 7/8 (already deactivated, skipping)
  Processing head 8/8 (already deactivated, skipping)
Processing layer 2/10
  Processing head 1/8 (already deactivated, skipping)
  Processing head 2/8 (already deactivated, skipping)
  Processing head 3/8 (softmax output: 1.00) (accuracy 0.99)
  Processing head 4/8 (softmax output: 1.00) (accuracy 0.99)
  Processing head 5/8 (softmax output: 1.00) (accuracy 0.99)
  Processing head 6/8 (softmax output: 1.00) (accuracy 1.00)
  Processing head 7/8 (softmax output: 1.00) (accuracy 1.00)
  Processing head 8/8 (softmax output: 0.99) (accuracy 0.97)
Processing layer 3/10
  Processing head 1/8 (already deactivated, skipping)
  Processing head 2/8 (already deactivated, skipping)
  Processing head 3/8 (softmax output: 1.00) (accuracy 1.00)
  Processing head 4/8 (softmax output: 1.00) (accuracy 1.00)
  Processing head 5/8 (already deactivated, skipping)
  Processing head 6/8 (softmax output: 0.99) (accuracy 0.98)
  Processing head 7/8 (softmax output: 1.00) (accuracy 0.99)
  Processing head 8/8 (softmax output: 1.00) (accuracy 0.98)
Processing layer 4/10
  Processing head 1/8 (softmax output: 0.99) (accuracy 0.95)
  Processing head 2/8 (softmax output: 1.00) (accuracy 0.98)
  Processing head 3/8 (softmax output: 0.99) (accuracy 0.98)
  Processing head 4/8 (already deactivated, skipping)
  Processing head 5/8 (softmax output: 0.99) (accuracy 1.00)
  Processing head 6/8 (softmax output: 0.97) (accuracy 0.95)
  Processing head 7/8 (softmax output: 0.99) (accuracy 0.96)
  Processing head 8/8 (softmax output: 1.00) (accuracy 1.00)
Processing layer 5/10
  Processing head 1/8 (softmax output: 0.99) (accuracy 0.98)
  Processing head 2/8 (softmax output: 0.99) (accuracy 0.98)
  Processing head 3/8 (already deactivated, skipping)
  Processing head 4/8 (softmax output: 1.00) (accuracy 0.99)
  Processing head 5/8 (softmax output: 1.00) (accuracy 1.00)
  Processing head 6/8 (softmax output: 1.00) (accuracy 1.00)
  Processing head 7/8 (softmax output: 1.00) (accuracy 1.00)
  Processing head 8/8 (already deactivated, skipping)
Processing layer 6/10
  Processing head 1/8 (softmax output: 1.00) (accuracy 1.00)
  Processing head 2/8 (softmax output: 1.00) (accuracy 1.00)
  Processing head 3/8 (softmax output: 0.98) (accuracy 0.98)
  Processing head 4/8 (already deactivated, skipping)
  Processing head 5/8 (softmax output: 1.00) (accuracy 1.00)
  Processing head 6/8 (already deactivated, skipping)
  Processing head 7/8 (softmax output: 1.00) (accuracy 1.00)
  Processing head 8/8 (softmax output: 1.00) (accuracy 1.00)
Processing layer 7/10
  Processing head 1/8 (softmax output: 1.00) (accuracy 1.00)
  Processing head 2/8 (softmax output: 1.00) (accuracy 1.00)
  Processing head 3/8 (already deactivated, skipping)
  Processing head 4/8 (already deactivated, skipping)
  Processing head 5/8 (softmax output: 1.00) (accuracy 1.00)
  Processing head 6/8 (softmax output: 1.00) (accuracy 1.00)
  Processing head 7/8 (softmax output: 1.00) (accuracy 1.00)
  Processing head 8/8 (softmax output: 1.00) (accuracy 0.99)
Processing layer 8/10
  Processing head 1/8 (softmax output: 1.00) (accuracy 1.00)
  Processing head 2/8 (softmax output: 1.00) (accuracy 1.00)
  Processing head 3/8 (softmax output: 1.00) (accuracy 1.00)
  Processing head 4/8 (softmax output: 1.00) (accuracy 1.00)
  Processing head 5/8 (softmax output: 1.00) (accuracy 1.00)
  Processing head 6/8 (already deactivated, skipping)
  Processing head 7/8 (softmax output: 1.00) (accuracy 1.00)
  Processing head 8/8 (softmax output: 1.00) (accuracy 1.00)
Processing layer 9/10
  Processing head 1/8 (softmax output: 1.00) (accuracy 1.00)
  Processing head 2/8 (softmax output: 1.00) (accuracy 1.00)
  Processing head 3/8 (softmax output: 1.00) (accuracy 1.00)
  Processing head 4/8 (softmax output: 1.00) (accuracy 1.00)
  Processing head 5/8 (softmax output: 1.00) (accuracy 1.00)
  Processing head 6/8 (softmax output: 1.00) (accuracy 1.00)
  Processing head 7/8 (softmax output: 1.00) (accuracy 1.00)
  Processing head 8/8 (softmax output: 1.00) (accuracy 1.00)
Processing layer 10/10
  Processing head 1/8 (softmax output: 1.00) (accuracy 1.00)
  Processing head 2/8 (softmax output: 1.00) (accuracy 1.00)
  Processing head 3/8 (softmax output: 1.00) (accuracy 1.00)
  Processing head 4/8 (softmax output: 1.00) (accuracy 1.00)
  Processing head 5/8 (softmax output: 1.00) (accuracy 1.00)
  Processing head 6/8 (softmax output: 1.00) (accuracy 1.00)
  Processing head 7/8 (softmax output: 1.00) (accuracy 1.00)
  Processing head 8/8 (softmax output: 1.00) (accuracy 1.00)
Trial 21/10: Least influential head so far: (3, 7) with accuracy 1.00 and confidence 1.00 
Processing layer 1/10
  Processing head 1/8 (softmax output: 0.99) (accuracy 0.97)
  Processing head 2/8 (already deactivated, skipping)
  Processing head 3/8 (already deactivated, skipping)
  Processing head 4/8 (already deactivated, skipping)
  Processing head 5/8 (already deactivated, skipping)
  Processing head 6/8 (already deactivated, skipping)
  Processing head 7/8 (already deactivated, skipping)
  Processing head 8/8 (already deactivated, skipping)
Processing layer 2/10
  Processing head 1/8 (already deactivated, skipping)
  Processing head 2/8 (already deactivated, skipping)
  Processing head 3/8 (softmax output: 1.00) (accuracy 0.99)
  Processing head 4/8 (softmax output: 1.00) (accuracy 0.99)
  Processing head 5/8 (softmax output: 1.00) (accuracy 0.99)
  Processing head 6/8 (softmax output: 1.00) (accuracy 1.00)
  Processing head 7/8 (softmax output: 1.00) (accuracy 0.99)
  Processing head 8/8 (softmax output: 1.00) (accuracy 0.98)
Processing layer 3/10
  Processing head 1/8 (already deactivated, skipping)
  Processing head 2/8 (already deactivated, skipping)
  Processing head 3/8 (softmax output: 0.99) (accuracy 1.00)
  Processing head 4/8 (softmax output: 1.00) (accuracy 1.00)
  Processing head 5/8 (already deactivated, skipping)
  Processing head 6/8 (softmax output: 0.99) (accuracy 0.97)
  Processing head 7/8 (softmax output: 0.99) (accuracy 0.99)
  Processing head 8/8 (softmax output: 1.00) (accuracy 0.98)
Processing layer 4/10
  Processing head 1/8 (softmax output: 0.99) (accuracy 0.95)
  Processing head 2/8 (softmax output: 1.00) (accuracy 0.98)
  Processing head 3/8 (softmax output: 0.99) (accuracy 0.98)
  Processing head 4/8 (already deactivated, skipping)
  Processing head 5/8 (softmax output: 0.99) (accuracy 1.00)
  Processing head 6/8 (softmax output: 0.97) (accuracy 0.95)
  Processing head 7/8 (softmax output: 0.99) (accuracy 0.96)
  Processing head 8/8 (already deactivated, skipping)
Processing layer 5/10
  Processing head 1/8 (softmax output: 0.99) (accuracy 0.98)
  Processing head 2/8 (softmax output: 0.99) (accuracy 0.98)
  Processing head 3/8 (already deactivated, skipping)
  Processing head 4/8 (softmax output: 1.00) (accuracy 0.99)
  Processing head 5/8 (softmax output: 0.99) (accuracy 1.00)
  Processing head 6/8 (softmax output: 1.00) (accuracy 1.00)
  Processing head 7/8 (softmax output: 1.00) (accuracy 1.00)
  Processing head 8/8 (already deactivated, skipping)
Processing layer 6/10
  Processing head 1/8 (softmax output: 1.00) (accuracy 1.00)
  Processing head 2/8 (softmax output: 1.00) (accuracy 1.00)
  Processing head 3/8 (softmax output: 0.99) (accuracy 1.00)
  Processing head 4/8 (already deactivated, skipping)
  Processing head 5/8 (softmax output: 1.00) (accuracy 0.99)
  Processing head 6/8 (already deactivated, skipping)
  Processing head 7/8 (softmax output: 1.00) (accuracy 1.00)
  Processing head 8/8 (softmax output: 1.00) (accuracy 1.00)
Processing layer 7/10
  Processing head 1/8 (softmax output: 1.00) (accuracy 1.00)
  Processing head 2/8 (softmax output: 1.00) (accuracy 1.00)
  Processing head 3/8 (already deactivated, skipping)
  Processing head 4/8 (already deactivated, skipping)
  Processing head 5/8 (softmax output: 1.00) (accuracy 1.00)
  Processing head 6/8 (softmax output: 1.00) (accuracy 1.00)
  Processing head 7/8 (softmax output: 1.00) (accuracy 1.00)
  Processing head 8/8 (softmax output: 0.99) (accuracy 0.99)
Processing layer 8/10
  Processing head 1/8 (softmax output: 1.00) (accuracy 1.00)
  Processing head 2/8 (softmax output: 1.00) (accuracy 1.00)
  Processing head 3/8 (softmax output: 1.00) (accuracy 1.00)
  Processing head 4/8 (softmax output: 1.00) (accuracy 1.00)
  Processing head 5/8 (softmax output: 1.00) (accuracy 1.00)
  Processing head 6/8 (already deactivated, skipping)
  Processing head 7/8 (softmax output: 1.00) (accuracy 1.00)
  Processing head 8/8 (softmax output: 1.00) (accuracy 1.00)
Processing layer 9/10
  Processing head 1/8 (softmax output: 1.00) (accuracy 1.00)
  Processing head 2/8 (softmax output: 1.00) (accuracy 1.00)
  Processing head 3/8 (softmax output: 1.00) (accuracy 1.00)
  Processing head 4/8 (softmax output: 1.00) (accuracy 1.00)
  Processing head 5/8 (softmax output: 1.00) (accuracy 1.00)
  Processing head 6/8 (softmax output: 1.00) (accuracy 1.00)
  Processing head 7/8 (softmax output: 1.00) (accuracy 1.00)
  Processing head 8/8 (softmax output: 1.00) (accuracy 1.00)
Processing layer 10/10
  Processing head 1/8 (softmax output: 1.00) (accuracy 1.00)
  Processing head 2/8 (softmax output: 1.00) (accuracy 1.00)
  Processing head 3/8 (softmax output: 1.00) (accuracy 1.00)
  Processing head 4/8 (softmax output: 1.00) (accuracy 1.00)
  Processing head 5/8 (softmax output: 1.00) (accuracy 1.00)
  Processing head 6/8 (softmax output: 1.00) (accuracy 1.00)
  Processing head 7/8 (softmax output: 1.00) (accuracy 1.00)
  Processing head 8/8 (softmax output: 1.00) (accuracy 1.00)
Trial 22/10: Least influential head so far: (6, 6) with accuracy 1.00 and confidence 1.00 
Processing layer 1/10
  Processing head 1/8 (softmax output: 0.99) (accuracy 0.96)
  Processing head 2/8 (already deactivated, skipping)
  Processing head 3/8 (already deactivated, skipping)
  Processing head 4/8 (already deactivated, skipping)
  Processing head 5/8 (already deactivated, skipping)
  Processing head 6/8 (already deactivated, skipping)
  Processing head 7/8 (already deactivated, skipping)
  Processing head 8/8 (already deactivated, skipping)
Processing layer 2/10
  Processing head 1/8 (already deactivated, skipping)
  Processing head 2/8 (already deactivated, skipping)
  Processing head 3/8 (softmax output: 1.00) (accuracy 1.00)
  Processing head 4/8 (softmax output: 0.99) (accuracy 1.00)
  Processing head 5/8 (softmax output: 1.00) (accuracy 0.99)
  Processing head 6/8 (softmax output: 1.00) (accuracy 1.00)
  Processing head 7/8 (softmax output: 1.00) (accuracy 0.99)
  Processing head 8/8 (softmax output: 1.00) (accuracy 0.98)
Processing layer 3/10
  Processing head 1/8 (already deactivated, skipping)
  Processing head 2/8 (already deactivated, skipping)
  Processing head 3/8 (softmax output: 0.99) (accuracy 1.00)
  Processing head 4/8 (softmax output: 1.00) (accuracy 1.00)
  Processing head 5/8 (already deactivated, skipping)
  Processing head 6/8 (softmax output: 0.99) (accuracy 0.98)
  Processing head 7/8 (softmax output: 0.99) (accuracy 0.98)
  Processing head 8/8 (softmax output: 1.00) (accuracy 0.97)
Processing layer 4/10
  Processing head 1/8 (softmax output: 0.99) (accuracy 0.95)
  Processing head 2/8 (softmax output: 0.99) (accuracy 0.98)
  Processing head 3/8 (softmax output: 0.99) (accuracy 0.99)
  Processing head 4/8 (already deactivated, skipping)
  Processing head 5/8 (softmax output: 0.99) (accuracy 0.99)
  Processing head 6/8 (softmax output: 0.97) (accuracy 0.95)
  Processing head 7/8 (softmax output: 0.99) (accuracy 0.96)
  Processing head 8/8 (already deactivated, skipping)
Processing layer 5/10
  Processing head 1/8 (softmax output: 0.99) (accuracy 0.97)
  Processing head 2/8 (softmax output: 0.99) (accuracy 0.98)
  Processing head 3/8 (already deactivated, skipping)
  Processing head 4/8 (softmax output: 1.00) (accuracy 0.99)
  Processing head 5/8 (softmax output: 1.00) (accuracy 1.00)
  Processing head 6/8 (softmax output: 1.00) (accuracy 1.00)
  Processing head 7/8 (softmax output: 1.00) (accuracy 1.00)
  Processing head 8/8 (already deactivated, skipping)
Processing layer 6/10
  Processing head 1/8 (softmax output: 1.00) (accuracy 0.99)
  Processing head 2/8 (softmax output: 1.00) (accuracy 1.00)
  Processing head 3/8 (softmax output: 0.98) (accuracy 0.99)
  Processing head 4/8 (already deactivated, skipping)
  Processing head 5/8 (softmax output: 1.00) (accuracy 0.99)
  Processing head 6/8 (already deactivated, skipping)
  Processing head 7/8 (softmax output: 1.00) (accuracy 1.00)
  Processing head 8/8 (softmax output: 1.00) (accuracy 1.00)
Processing layer 7/10
  Processing head 1/8 (softmax output: 1.00) (accuracy 1.00)
  Processing head 2/8 (softmax output: 1.00) (accuracy 1.00)
  Processing head 3/8 (already deactivated, skipping)
  Processing head 4/8 (already deactivated, skipping)
  Processing head 5/8 (softmax output: 1.00) (accuracy 1.00)
  Processing head 6/8 (softmax output: 1.00) (accuracy 1.00)
  Processing head 7/8 (already deactivated, skipping)
  Processing head 8/8 (softmax output: 0.99) (accuracy 0.99)
Processing layer 8/10
  Processing head 1/8 (softmax output: 1.00) (accuracy 1.00)
  Processing head 2/8 (softmax output: 1.00) (accuracy 1.00)
  Processing head 3/8 (softmax output: 1.00) (accuracy 1.00)
  Processing head 4/8 (softmax output: 1.00) (accuracy 1.00)
  Processing head 5/8 (softmax output: 1.00) (accuracy 1.00)
  Processing head 6/8 (already deactivated, skipping)
  Processing head 7/8 (softmax output: 1.00) (accuracy 1.00)
  Processing head 8/8 (softmax output: 1.00) (accuracy 1.00)
Processing layer 9/10
  Processing head 1/8 (softmax output: 1.00) (accuracy 1.00)
  Processing head 2/8 (softmax output: 1.00) (accuracy 1.00)
  Processing head 3/8 (softmax output: 1.00) (accuracy 1.00)
  Processing head 4/8 (softmax output: 1.00) (accuracy 1.00)
  Processing head 5/8 (softmax output: 1.00) (accuracy 1.00)
  Processing head 6/8 (softmax output: 1.00) (accuracy 1.00)
  Processing head 7/8 (softmax output: 1.00) (accuracy 1.00)
  Processing head 8/8 (softmax output: 1.00) (accuracy 1.00)
Processing layer 10/10
  Processing head 1/8 (softmax output: 1.00) (accuracy 1.00)
  Processing head 2/8 (softmax output: 1.00) (accuracy 1.00)
  Processing head 3/8 (softmax output: 1.00) (accuracy 1.00)
  Processing head 4/8 (softmax output: 1.00) (accuracy 1.00)
  Processing head 5/8 (softmax output: 1.00) (accuracy 1.00)
  Processing head 6/8 (softmax output: 1.00) (accuracy 1.00)
  Processing head 7/8 (softmax output: 1.00) (accuracy 1.00)
  Processing head 8/8 (softmax output: 1.00) (accuracy 1.00)
Trial 23/10: Least influential head so far: (8, 0) with accuracy 1.00 and confidence 1.00 
Processing layer 1/10
  Processing head 1/8 (softmax output: 0.99) (accuracy 0.96)
  Processing head 2/8 (already deactivated, skipping)
  Processing head 3/8 (already deactivated, skipping)
  Processing head 4/8 (already deactivated, skipping)
  Processing head 5/8 (already deactivated, skipping)
  Processing head 6/8 (already deactivated, skipping)
  Processing head 7/8 (already deactivated, skipping)
  Processing head 8/8 (already deactivated, skipping)
Processing layer 2/10
  Processing head 1/8 (already deactivated, skipping)
  Processing head 2/8 (already deactivated, skipping)
  Processing head 3/8 (softmax output: 1.00) (accuracy 1.00)
  Processing head 4/8 (softmax output: 1.00) (accuracy 0.99)
  Processing head 5/8 (softmax output: 1.00) (accuracy 0.99)
  Processing head 6/8 (softmax output: 1.00) (accuracy 1.00)
  Processing head 7/8 (softmax output: 1.00) (accuracy 0.99)
  Processing head 8/8 (softmax output: 1.00) (accuracy 0.98)
Processing layer 3/10
  Processing head 1/8 (already deactivated, skipping)
  Processing head 2/8 (already deactivated, skipping)
  Processing head 3/8 (softmax output: 0.99) (accuracy 0.99)
  Processing head 4/8 (softmax output: 1.00) (accuracy 1.00)
  Processing head 5/8 (already deactivated, skipping)
  Processing head 6/8 (softmax output: 0.99) (accuracy 0.98)
  Processing head 7/8 (softmax output: 0.99) (accuracy 0.98)
  Processing head 8/8 (softmax output: 1.00) (accuracy 0.97)
Processing layer 4/10
  Processing head 1/8 (softmax output: 0.99) (accuracy 0.95)
  Processing head 2/8 (softmax output: 1.00) (accuracy 0.98)
  Processing head 3/8 (softmax output: 0.99) (accuracy 0.98)
  Processing head 4/8 (already deactivated, skipping)
  Processing head 5/8 (softmax output: 0.99) (accuracy 0.99)
  Processing head 6/8 (softmax output: 0.98) (accuracy 0.94)
  Processing head 7/8 (softmax output: 0.99) (accuracy 0.96)
  Processing head 8/8 (already deactivated, skipping)
Processing layer 5/10
  Processing head 1/8 (softmax output: 0.99) (accuracy 0.97)
  Processing head 2/8 (softmax output: 0.99) (accuracy 0.98)
  Processing head 3/8 (already deactivated, skipping)
  Processing head 4/8 (softmax output: 1.00) (accuracy 0.99)
  Processing head 5/8 (softmax output: 1.00) (accuracy 1.00)
  Processing head 6/8 (softmax output: 1.00) (accuracy 1.00)
  Processing head 7/8 (softmax output: 1.00) (accuracy 1.00)
  Processing head 8/8 (already deactivated, skipping)
Processing layer 6/10
  Processing head 1/8 (softmax output: 1.00) (accuracy 0.99)
  Processing head 2/8 (softmax output: 1.00) (accuracy 1.00)
  Processing head 3/8 (softmax output: 0.98) (accuracy 0.99)
  Processing head 4/8 (already deactivated, skipping)
  Processing head 5/8 (softmax output: 1.00) (accuracy 0.99)
  Processing head 6/8 (already deactivated, skipping)
  Processing head 7/8 (softmax output: 1.00) (accuracy 1.00)
  Processing head 8/8 (softmax output: 1.00) (accuracy 1.00)
Processing layer 7/10
  Processing head 1/8 (softmax output: 1.00) (accuracy 1.00)
  Processing head 2/8 (softmax output: 1.00) (accuracy 1.00)
  Processing head 3/8 (already deactivated, skipping)
  Processing head 4/8 (already deactivated, skipping)
  Processing head 5/8 (softmax output: 1.00) (accuracy 1.00)
  Processing head 6/8 (softmax output: 1.00) (accuracy 1.00)
  Processing head 7/8 (already deactivated, skipping)
  Processing head 8/8 (softmax output: 0.99) (accuracy 0.99)
Processing layer 8/10
  Processing head 1/8 (softmax output: 1.00) (accuracy 1.00)
  Processing head 2/8 (softmax output: 1.00) (accuracy 1.00)
  Processing head 3/8 (softmax output: 1.00) (accuracy 1.00)
  Processing head 4/8 (softmax output: 1.00) (accuracy 1.00)
  Processing head 5/8 (softmax output: 1.00) (accuracy 1.00)
  Processing head 6/8 (already deactivated, skipping)
  Processing head 7/8 (softmax output: 1.00) (accuracy 1.00)
  Processing head 8/8 (softmax output: 1.00) (accuracy 1.00)
Processing layer 9/10
  Processing head 1/8 (already deactivated, skipping)
  Processing head 2/8 (softmax output: 1.00) (accuracy 1.00)
  Processing head 3/8 (softmax output: 1.00) (accuracy 1.00)
  Processing head 4/8 (softmax output: 1.00) (accuracy 1.00)
  Processing head 5/8 (softmax output: 1.00) (accuracy 1.00)
  Processing head 6/8 (softmax output: 1.00) (accuracy 1.00)
  Processing head 7/8 (softmax output: 1.00) (accuracy 1.00)
  Processing head 8/8 (softmax output: 1.00) (accuracy 1.00)
Processing layer 10/10
  Processing head 1/8 (softmax output: 1.00) (accuracy 1.00)
  Processing head 2/8 (softmax output: 1.00) (accuracy 1.00)
  Processing head 3/8 (softmax output: 1.00) (accuracy 1.00)
  Processing head 4/8 (softmax output: 1.00) (accuracy 1.00)
  Processing head 5/8 (softmax output: 1.00) (accuracy 1.00)
  Processing head 6/8 (softmax output: 1.00) (accuracy 1.00)
  Processing head 7/8 (softmax output: 1.00) (accuracy 1.00)
  Processing head 8/8 (softmax output: 1.00) (accuracy 1.00)
Trial 24/10: Least influential head so far: (8, 5) with accuracy 1.00 and confidence 1.00 
Processing layer 1/10
  Processing head 1/8 (softmax output: 0.99) (accuracy 0.96)
  Processing head 2/8 (already deactivated, skipping)
  Processing head 3/8 (already deactivated, skipping)
  Processing head 4/8 (already deactivated, skipping)
  Processing head 5/8 (already deactivated, skipping)
  Processing head 6/8 (already deactivated, skipping)
  Processing head 7/8 (already deactivated, skipping)
  Processing head 8/8 (already deactivated, skipping)
Processing layer 2/10
  Processing head 1/8 (already deactivated, skipping)
  Processing head 2/8 (already deactivated, skipping)
  Processing head 3/8 (softmax output: 1.00) (accuracy 1.00)
  Processing head 4/8 (softmax output: 1.00) (accuracy 0.99)
  Processing head 5/8 (softmax output: 1.00) (accuracy 0.99)
  Processing head 6/8 (softmax output: 1.00) (accuracy 1.00)
  Processing head 7/8 (softmax output: 1.00) (accuracy 0.99)
  Processing head 8/8 (softmax output: 1.00) (accuracy 0.98)
Processing layer 3/10
  Processing head 1/8 (already deactivated, skipping)
  Processing head 2/8 (already deactivated, skipping)
  Processing head 3/8 (softmax output: 0.99) (accuracy 0.99)
  Processing head 4/8 (softmax output: 1.00) (accuracy 1.00)
  Processing head 5/8 (already deactivated, skipping)
  Processing head 6/8 (softmax output: 0.99) (accuracy 0.98)
  Processing head 7/8 (softmax output: 0.99) (accuracy 0.98)
  Processing head 8/8 (softmax output: 1.00) (accuracy 0.97)
Processing layer 4/10
  Processing head 1/8 (softmax output: 0.99) (accuracy 0.95)
  Processing head 2/8 (softmax output: 1.00) (accuracy 0.98)
  Processing head 3/8 (softmax output: 0.99) (accuracy 0.98)
  Processing head 4/8 (already deactivated, skipping)
  Processing head 5/8 (softmax output: 0.99) (accuracy 0.99)
  Processing head 6/8 (softmax output: 0.97) (accuracy 0.94)
  Processing head 7/8 (softmax output: 0.99) (accuracy 0.96)
  Processing head 8/8 (already deactivated, skipping)
Processing layer 5/10
  Processing head 1/8 (softmax output: 0.99) (accuracy 0.98)
  Processing head 2/8 (softmax output: 0.99) (accuracy 0.98)
  Processing head 3/8 (already deactivated, skipping)
  Processing head 4/8 (softmax output: 1.00) (accuracy 0.99)
  Processing head 5/8 (softmax output: 1.00) (accuracy 1.00)
  Processing head 6/8 (softmax output: 1.00) (accuracy 1.00)
  Processing head 7/8 (softmax output: 1.00) (accuracy 1.00)
  Processing head 8/8 (already deactivated, skipping)
Processing layer 6/10
  Processing head 1/8 (softmax output: 0.99) (accuracy 0.99)
  Processing head 2/8 (softmax output: 1.00) (accuracy 1.00)
  Processing head 3/8 (softmax output: 0.98) (accuracy 0.99)
  Processing head 4/8 (already deactivated, skipping)
  Processing head 5/8 (softmax output: 1.00) (accuracy 0.99)
  Processing head 6/8 (already deactivated, skipping)
  Processing head 7/8 (softmax output: 1.00) (accuracy 1.00)
  Processing head 8/8 (softmax output: 1.00) (accuracy 1.00)
Processing layer 7/10
  Processing head 1/8 (softmax output: 1.00) (accuracy 1.00)
  Processing head 2/8 (softmax output: 1.00) (accuracy 1.00)
  Processing head 3/8 (already deactivated, skipping)
  Processing head 4/8 (already deactivated, skipping)
  Processing head 5/8 (softmax output: 1.00) (accuracy 1.00)
  Processing head 6/8 (softmax output: 1.00) (accuracy 1.00)
  Processing head 7/8 (already deactivated, skipping)
  Processing head 8/8 (softmax output: 0.99) (accuracy 0.99)
Processing layer 8/10
  Processing head 1/8 (softmax output: 1.00) (accuracy 1.00)
  Processing head 2/8 (softmax output: 1.00) (accuracy 1.00)
  Processing head 3/8 (softmax output: 1.00) (accuracy 1.00)
  Processing head 4/8 (softmax output: 1.00) (accuracy 1.00)
  Processing head 5/8 (softmax output: 1.00) (accuracy 1.00)
  Processing head 6/8 (already deactivated, skipping)
  Processing head 7/8 (softmax output: 1.00) (accuracy 1.00)
  Processing head 8/8 (softmax output: 1.00) (accuracy 1.00)
Processing layer 9/10
  Processing head 1/8 (already deactivated, skipping)
  Processing head 2/8 (softmax output: 1.00) (accuracy 1.00)
  Processing head 3/8 (softmax output: 1.00) (accuracy 1.00)
  Processing head 4/8 (softmax output: 1.00) (accuracy 1.00)
  Processing head 5/8 (softmax output: 1.00) (accuracy 1.00)
  Processing head 6/8 (already deactivated, skipping)
  Processing head 7/8 (softmax output: 1.00) (accuracy 1.00)
  Processing head 8/8 (softmax output: 1.00) (accuracy 1.00)
Processing layer 10/10
  Processing head 1/8 (softmax output: 1.00) (accuracy 1.00)
  Processing head 2/8 (softmax output: 1.00) (accuracy 1.00)
  Processing head 3/8 (softmax output: 1.00) (accuracy 1.00)
  Processing head 4/8 (softmax output: 1.00) (accuracy 1.00)
  Processing head 5/8 (softmax output: 1.00) (accuracy 1.00)
  Processing head 6/8 (softmax output: 1.00) (accuracy 1.00)
  Processing head 7/8 (softmax output: 1.00) (accuracy 1.00)
  Processing head 8/8 (softmax output: 1.00) (accuracy 1.00)
Trial 25/10: Least influential head so far: (8, 6) with accuracy 1.00 and confidence 1.00 
Processing layer 1/10
  Processing head 1/8 (softmax output: 0.99) (accuracy 0.96)
  Processing head 2/8 (already deactivated, skipping)
  Processing head 3/8 (already deactivated, skipping)
  Processing head 4/8 (already deactivated, skipping)
  Processing head 5/8 (already deactivated, skipping)
  Processing head 6/8 (already deactivated, skipping)
  Processing head 7/8 (already deactivated, skipping)
  Processing head 8/8 (already deactivated, skipping)
Processing layer 2/10
  Processing head 1/8 (already deactivated, skipping)
  Processing head 2/8 (already deactivated, skipping)
  Processing head 3/8 (softmax output: 0.99) (accuracy 1.00)
  Processing head 4/8 (softmax output: 1.00) (accuracy 0.99)
  Processing head 5/8 (softmax output: 1.00) (accuracy 0.99)
  Processing head 6/8 (softmax output: 1.00) (accuracy 1.00)
  Processing head 7/8 (softmax output: 1.00) (accuracy 0.99)
  Processing head 8/8 (softmax output: 1.00) (accuracy 0.98)
Processing layer 3/10
  Processing head 1/8 (already deactivated, skipping)
  Processing head 2/8 (already deactivated, skipping)
  Processing head 3/8 (softmax output: 0.99) (accuracy 0.99)
  Processing head 4/8 (softmax output: 1.00) (accuracy 1.00)
  Processing head 5/8 (already deactivated, skipping)
  Processing head 6/8 (softmax output: 0.99) (accuracy 0.98)
  Processing head 7/8 (softmax output: 0.99) (accuracy 0.99)
  Processing head 8/8 (softmax output: 1.00) (accuracy 0.97)
Processing layer 4/10
  Processing head 1/8 (softmax output: 0.99) (accuracy 0.95)
  Processing head 2/8 (softmax output: 0.99) (accuracy 0.98)
  Processing head 3/8 (softmax output: 0.99) (accuracy 0.98)
  Processing head 4/8 (already deactivated, skipping)
  Processing head 5/8 (softmax output: 0.99) (accuracy 0.99)
  Processing head 6/8 (softmax output: 0.98) (accuracy 0.94)
  Processing head 7/8 (softmax output: 0.99) (accuracy 0.96)
  Processing head 8/8 (already deactivated, skipping)
Processing layer 5/10
  Processing head 1/8 (softmax output: 0.99) (accuracy 0.98)
  Processing head 2/8 (softmax output: 0.99) (accuracy 0.98)
  Processing head 3/8 (already deactivated, skipping)
  Processing head 4/8 (softmax output: 1.00) (accuracy 0.99)
  Processing head 5/8 (softmax output: 1.00) (accuracy 1.00)
  Processing head 6/8 (softmax output: 1.00) (accuracy 1.00)
  Processing head 7/8 (softmax output: 1.00) (accuracy 1.00)
  Processing head 8/8 (already deactivated, skipping)
Processing layer 6/10
  Processing head 1/8 (softmax output: 1.00) (accuracy 0.99)
  Processing head 2/8 (softmax output: 1.00) (accuracy 1.00)
  Processing head 3/8 (softmax output: 0.99) (accuracy 0.99)
  Processing head 4/8 (already deactivated, skipping)
  Processing head 5/8 (softmax output: 1.00) (accuracy 0.99)
  Processing head 6/8 (already deactivated, skipping)
  Processing head 7/8 (softmax output: 1.00) (accuracy 1.00)
  Processing head 8/8 (softmax output: 1.00) (accuracy 1.00)
Processing layer 7/10
  Processing head 1/8 (softmax output: 1.00) (accuracy 1.00)
  Processing head 2/8 (softmax output: 1.00) (accuracy 1.00)
  Processing head 3/8 (already deactivated, skipping)
  Processing head 4/8 (already deactivated, skipping)
  Processing head 5/8 (softmax output: 1.00) (accuracy 1.00)
  Processing head 6/8 (softmax output: 1.00) (accuracy 1.00)
  Processing head 7/8 (already deactivated, skipping)
  Processing head 8/8 (softmax output: 0.99) (accuracy 0.99)
Processing layer 8/10
  Processing head 1/8 (softmax output: 1.00) (accuracy 1.00)
  Processing head 2/8 (softmax output: 1.00) (accuracy 1.00)
  Processing head 3/8 (softmax output: 1.00) (accuracy 1.00)
  Processing head 4/8 (softmax output: 1.00) (accuracy 1.00)
  Processing head 5/8 (softmax output: 1.00) (accuracy 1.00)
  Processing head 6/8 (already deactivated, skipping)
  Processing head 7/8 (softmax output: 1.00) (accuracy 1.00)
  Processing head 8/8 (softmax output: 1.00) (accuracy 1.00)
Processing layer 9/10
  Processing head 1/8 (already deactivated, skipping)
  Processing head 2/8 (softmax output: 1.00) (accuracy 1.00)
  Processing head 3/8 (softmax output: 1.00) (accuracy 1.00)
  Processing head 4/8 (softmax output: 1.00) (accuracy 1.00)
  Processing head 5/8 (softmax output: 1.00) (accuracy 1.00)
  Processing head 6/8 (already deactivated, skipping)
  Processing head 7/8 (already deactivated, skipping)
  Processing head 8/8 (softmax output: 1.00) (accuracy 1.00)
Processing layer 10/10
  Processing head 1/8 (softmax output: 1.00) (accuracy 1.00)
  Processing head 2/8 (softmax output: 1.00) (accuracy 1.00)
  Processing head 3/8 (softmax output: 1.00) (accuracy 1.00)
  Processing head 4/8 (softmax output: 1.00) (accuracy 1.00)
  Processing head 5/8 (softmax output: 1.00) (accuracy 1.00)
  Processing head 6/8 (softmax output: 1.00) (accuracy 1.00)
  Processing head 7/8 (softmax output: 1.00) (accuracy 1.00)
  Processing head 8/8 (softmax output: 1.00) (accuracy 1.00)
Trial 26/10: Least influential head so far: (9, 2) with accuracy 1.00 and confidence 1.00 
Processing layer 1/10
  Processing head 1/8 (softmax output: 0.99) (accuracy 0.97)
  Processing head 2/8 (already deactivated, skipping)
  Processing head 3/8 (already deactivated, skipping)
  Processing head 4/8 (already deactivated, skipping)
  Processing head 5/8 (already deactivated, skipping)
  Processing head 6/8 (already deactivated, skipping)
  Processing head 7/8 (already deactivated, skipping)
  Processing head 8/8 (already deactivated, skipping)
Processing layer 2/10
  Processing head 1/8 (already deactivated, skipping)
  Processing head 2/8 (already deactivated, skipping)
  Processing head 3/8 (softmax output: 1.00) (accuracy 0.99)
  Processing head 4/8 (softmax output: 0.99) (accuracy 0.99)
  Processing head 5/8 (softmax output: 1.00) (accuracy 0.99)
  Processing head 6/8 (softmax output: 0.99) (accuracy 0.99)
  Processing head 7/8 (softmax output: 1.00) (accuracy 0.99)
  Processing head 8/8 (softmax output: 1.00) (accuracy 0.96)
Processing layer 3/10
  Processing head 1/8 (already deactivated, skipping)
  Processing head 2/8 (already deactivated, skipping)
  Processing head 3/8 (softmax output: 1.00) (accuracy 1.00)
  Processing head 4/8 (softmax output: 1.00) (accuracy 1.00)
  Processing head 5/8 (already deactivated, skipping)
  Processing head 6/8 (softmax output: 1.00) (accuracy 0.98)
  Processing head 7/8 (softmax output: 1.00) (accuracy 0.97)
  Processing head 8/8 (softmax output: 1.00) (accuracy 0.97)
Processing layer 4/10
  Processing head 1/8 (softmax output: 0.99) (accuracy 0.95)
  Processing head 2/8 (softmax output: 1.00) (accuracy 0.98)
  Processing head 3/8 (softmax output: 1.00) (accuracy 0.98)
  Processing head 4/8 (already deactivated, skipping)
  Processing head 5/8 (softmax output: 0.99) (accuracy 0.99)
  Processing head 6/8 (softmax output: 0.97) (accuracy 0.94)
  Processing head 7/8 (softmax output: 1.00) (accuracy 0.94)
  Processing head 8/8 (already deactivated, skipping)
Processing layer 5/10
  Processing head 1/8 (softmax output: 1.00) (accuracy 0.98)
  Processing head 2/8 (softmax output: 0.99) (accuracy 0.99)
  Processing head 3/8 (already deactivated, skipping)
  Processing head 4/8 (softmax output: 0.99) (accuracy 1.00)
  Processing head 5/8 (softmax output: 0.99) (accuracy 1.00)
  Processing head 6/8 (softmax output: 1.00) (accuracy 1.00)
  Processing head 7/8 (softmax output: 1.00) (accuracy 1.00)
  Processing head 8/8 (already deactivated, skipping)
Processing layer 6/10
  Processing head 1/8 (softmax output: 1.00) (accuracy 1.00)
  Processing head 2/8 (softmax output: 1.00) (accuracy 1.00)
  Processing head 3/8 (softmax output: 0.99) (accuracy 0.99)
  Processing head 4/8 (already deactivated, skipping)
  Processing head 5/8 (softmax output: 1.00) (accuracy 0.99)
  Processing head 6/8 (already deactivated, skipping)
  Processing head 7/8 (softmax output: 1.00) (accuracy 1.00)
  Processing head 8/8 (softmax output: 1.00) (accuracy 1.00)
Processing layer 7/10
  Processing head 1/8 (softmax output: 1.00) (accuracy 1.00)
  Processing head 2/8 (softmax output: 1.00) (accuracy 1.00)
  Processing head 3/8 (already deactivated, skipping)
  Processing head 4/8 (already deactivated, skipping)
  Processing head 5/8 (softmax output: 1.00) (accuracy 1.00)
  Processing head 6/8 (softmax output: 1.00) (accuracy 1.00)
  Processing head 7/8 (already deactivated, skipping)
  Processing head 8/8 (softmax output: 1.00) (accuracy 1.00)
Processing layer 8/10
  Processing head 1/8 (softmax output: 1.00) (accuracy 1.00)
  Processing head 2/8 (softmax output: 1.00) (accuracy 1.00)
  Processing head 3/8 (softmax output: 1.00) (accuracy 1.00)
  Processing head 4/8 (softmax output: 1.00) (accuracy 1.00)
  Processing head 5/8 (softmax output: 1.00) (accuracy 1.00)
  Processing head 6/8 (already deactivated, skipping)
  Processing head 7/8 (softmax output: 1.00) (accuracy 1.00)
  Processing head 8/8 (softmax output: 1.00) (accuracy 1.00)
Processing layer 9/10
  Processing head 1/8 (already deactivated, skipping)
  Processing head 2/8 (softmax output: 1.00) (accuracy 1.00)
  Processing head 3/8 (softmax output: 1.00) (accuracy 1.00)
  Processing head 4/8 (softmax output: 1.00) (accuracy 1.00)
  Processing head 5/8 (softmax output: 1.00) (accuracy 1.00)
  Processing head 6/8 (already deactivated, skipping)
  Processing head 7/8 (already deactivated, skipping)
  Processing head 8/8 (softmax output: 1.00) (accuracy 1.00)
Processing layer 10/10
  Processing head 1/8 (softmax output: 1.00) (accuracy 1.00)
  Processing head 2/8 (softmax output: 1.00) (accuracy 1.00)
  Processing head 3/8 (already deactivated, skipping)
  Processing head 4/8 (softmax output: 1.00) (accuracy 1.00)
  Processing head 5/8 (softmax output: 1.00) (accuracy 1.00)
  Processing head 6/8 (softmax output: 1.00) (accuracy 1.00)
  Processing head 7/8 (softmax output: 1.00) (accuracy 1.00)
  Processing head 8/8 (softmax output: 1.00) (accuracy 1.00)
Trial 27/10: Least influential head so far: (9, 3) with accuracy 1.00 and confidence 1.00 
Processing layer 1/10
  Processing head 1/8 (softmax output: 0.99) (accuracy 0.97)
  Processing head 2/8 (already deactivated, skipping)
  Processing head 3/8 (already deactivated, skipping)
  Processing head 4/8 (already deactivated, skipping)
  Processing head 5/8 (already deactivated, skipping)
  Processing head 6/8 (already deactivated, skipping)
  Processing head 7/8 (already deactivated, skipping)
  Processing head 8/8 (already deactivated, skipping)
Processing layer 2/10
  Processing head 1/8 (already deactivated, skipping)
  Processing head 2/8 (already deactivated, skipping)
  Processing head 3/8 (softmax output: 1.00) (accuracy 0.99)
  Processing head 4/8 (softmax output: 0.99) (accuracy 0.99)
  Processing head 5/8 (softmax output: 1.00) (accuracy 0.99)
  Processing head 6/8 (softmax output: 1.00) (accuracy 0.99)
  Processing head 7/8 (softmax output: 1.00) (accuracy 0.99)
  Processing head 8/8 (softmax output: 0.99) (accuracy 0.96)
Processing layer 3/10
  Processing head 1/8 (already deactivated, skipping)
  Processing head 2/8 (already deactivated, skipping)
  Processing head 3/8 (softmax output: 1.00) (accuracy 1.00)
  Processing head 4/8 (softmax output: 1.00) (accuracy 1.00)
  Processing head 5/8 (already deactivated, skipping)
  Processing head 6/8 (softmax output: 0.99) (accuracy 0.97)
  Processing head 7/8 (softmax output: 1.00) (accuracy 0.97)
  Processing head 8/8 (softmax output: 0.99) (accuracy 0.97)
Processing layer 4/10
  Processing head 1/8 (softmax output: 0.99) (accuracy 0.95)
  Processing head 2/8 (softmax output: 1.00) (accuracy 0.98)
  Processing head 3/8 (softmax output: 1.00) (accuracy 0.98)
  Processing head 4/8 (already deactivated, skipping)
  Processing head 5/8 (softmax output: 1.00) (accuracy 0.99)
  Processing head 6/8 (softmax output: 0.98) (accuracy 0.94)
  Processing head 7/8 (softmax output: 1.00) (accuracy 0.94)
  Processing head 8/8 (already deactivated, skipping)
Processing layer 5/10
  Processing head 1/8 (softmax output: 1.00) (accuracy 0.98)
  Processing head 2/8 (softmax output: 0.99) (accuracy 0.99)
  Processing head 3/8 (already deactivated, skipping)
  Processing head 4/8 (softmax output: 0.99) (accuracy 1.00)
  Processing head 5/8 (softmax output: 0.99) (accuracy 1.00)
  Processing head 6/8 (softmax output: 1.00) (accuracy 1.00)
  Processing head 7/8 (softmax output: 1.00) (accuracy 1.00)
  Processing head 8/8 (already deactivated, skipping)
Processing layer 6/10
  Processing head 1/8 (softmax output: 1.00) (accuracy 1.00)
  Processing head 2/8 (softmax output: 1.00) (accuracy 1.00)
  Processing head 3/8 (softmax output: 0.99) (accuracy 0.99)
  Processing head 4/8 (already deactivated, skipping)
  Processing head 5/8 (softmax output: 1.00) (accuracy 0.99)
  Processing head 6/8 (already deactivated, skipping)
  Processing head 7/8 (softmax output: 1.00) (accuracy 1.00)
  Processing head 8/8 (softmax output: 1.00) (accuracy 1.00)
Processing layer 7/10
  Processing head 1/8 (softmax output: 1.00) (accuracy 1.00)
  Processing head 2/8 (softmax output: 1.00) (accuracy 1.00)
  Processing head 3/8 (already deactivated, skipping)
  Processing head 4/8 (already deactivated, skipping)
  Processing head 5/8 (softmax output: 1.00) (accuracy 1.00)
  Processing head 6/8 (softmax output: 1.00) (accuracy 1.00)
  Processing head 7/8 (already deactivated, skipping)
  Processing head 8/8 (softmax output: 1.00) (accuracy 1.00)
Processing layer 8/10
  Processing head 1/8 (softmax output: 1.00) (accuracy 1.00)
  Processing head 2/8 (softmax output: 1.00) (accuracy 1.00)
  Processing head 3/8 (softmax output: 1.00) (accuracy 1.00)
  Processing head 4/8 (softmax output: 1.00) (accuracy 1.00)
  Processing head 5/8 (softmax output: 1.00) (accuracy 1.00)
  Processing head 6/8 (already deactivated, skipping)
  Processing head 7/8 (softmax output: 1.00) (accuracy 1.00)
  Processing head 8/8 (softmax output: 1.00) (accuracy 1.00)
Processing layer 9/10
  Processing head 1/8 (already deactivated, skipping)
  Processing head 2/8 (softmax output: 1.00) (accuracy 1.00)
  Processing head 3/8 (softmax output: 1.00) (accuracy 1.00)
  Processing head 4/8 (softmax output: 1.00) (accuracy 1.00)
  Processing head 5/8 (softmax output: 1.00) (accuracy 1.00)
  Processing head 6/8 (already deactivated, skipping)
  Processing head 7/8 (already deactivated, skipping)
  Processing head 8/8 (softmax output: 1.00) (accuracy 1.00)
Processing layer 10/10
  Processing head 1/8 (softmax output: 1.00) (accuracy 1.00)
  Processing head 2/8 (softmax output: 1.00) (accuracy 1.00)
  Processing head 3/8 (already deactivated, skipping)
  Processing head 4/8 (already deactivated, skipping)
  Processing head 5/8 (softmax output: 1.00) (accuracy 1.00)
  Processing head 6/8 (softmax output: 1.00) (accuracy 1.00)
  Processing head 7/8 (softmax output: 1.00) (accuracy 1.00)
  Processing head 8/8 (softmax output: 1.00) (accuracy 1.00)
Trial 28/10: Least influential head so far: (9, 6) with accuracy 1.00 and confidence 1.00 
Processing layer 1/10
  Processing head 1/8 (softmax output: 0.98) (accuracy 0.96)
  Processing head 2/8 (already deactivated, skipping)
  Processing head 3/8 (already deactivated, skipping)
  Processing head 4/8 (already deactivated, skipping)
  Processing head 5/8 (already deactivated, skipping)
  Processing head 6/8 (already deactivated, skipping)
  Processing head 7/8 (already deactivated, skipping)
  Processing head 8/8 (already deactivated, skipping)
Processing layer 2/10
  Processing head 1/8 (already deactivated, skipping)
  Processing head 2/8 (already deactivated, skipping)
  Processing head 3/8 (softmax output: 1.00) (accuracy 0.99)
  Processing head 4/8 (softmax output: 1.00) (accuracy 0.99)
  Processing head 5/8 (softmax output: 1.00) (accuracy 0.99)
  Processing head 6/8 (softmax output: 1.00) (accuracy 0.99)
  Processing head 7/8 (softmax output: 1.00) (accuracy 0.99)
  Processing head 8/8 (softmax output: 1.00) (accuracy 0.97)
Processing layer 3/10
  Processing head 1/8 (already deactivated, skipping)
  Processing head 2/8 (already deactivated, skipping)
  Processing head 3/8 (softmax output: 1.00) (accuracy 1.00)
  Processing head 4/8 (softmax output: 1.00) (accuracy 1.00)
  Processing head 5/8 (already deactivated, skipping)
  Processing head 6/8 (softmax output: 1.00) (accuracy 0.98)
  Processing head 7/8 (softmax output: 0.99) (accuracy 0.97)
  Processing head 8/8 (softmax output: 1.00) (accuracy 0.97)
Processing layer 4/10
  Processing head 1/8 (softmax output: 0.99) (accuracy 0.95)
  Processing head 2/8 (softmax output: 1.00) (accuracy 0.98)
  Processing head 3/8 (softmax output: 1.00) (accuracy 0.98)
  Processing head 4/8 (already deactivated, skipping)
  Processing head 5/8 (softmax output: 1.00) (accuracy 0.98)
  Processing head 6/8 (softmax output: 0.98) (accuracy 0.95)
  Processing head 7/8 (softmax output: 0.99) (accuracy 0.94)
  Processing head 8/8 (already deactivated, skipping)
Processing layer 5/10
  Processing head 1/8 (softmax output: 1.00) (accuracy 0.98)
  Processing head 2/8 (softmax output: 0.99) (accuracy 0.99)
  Processing head 3/8 (already deactivated, skipping)
  Processing head 4/8 (softmax output: 1.00) (accuracy 0.99)
  Processing head 5/8 (softmax output: 1.00) (accuracy 1.00)
  Processing head 6/8 (softmax output: 1.00) (accuracy 1.00)
  Processing head 7/8 (softmax output: 1.00) (accuracy 1.00)
  Processing head 8/8 (already deactivated, skipping)
Processing layer 6/10
  Processing head 1/8 (softmax output: 1.00) (accuracy 1.00)
  Processing head 2/8 (softmax output: 1.00) (accuracy 1.00)
  Processing head 3/8 (softmax output: 0.99) (accuracy 0.99)
  Processing head 4/8 (already deactivated, skipping)
  Processing head 5/8 (softmax output: 1.00) (accuracy 0.99)
  Processing head 6/8 (already deactivated, skipping)
  Processing head 7/8 (softmax output: 1.00) (accuracy 1.00)
  Processing head 8/8 (softmax output: 1.00) (accuracy 1.00)
Processing layer 7/10
  Processing head 1/8 (softmax output: 1.00) (accuracy 1.00)
  Processing head 2/8 (softmax output: 1.00) (accuracy 1.00)
  Processing head 3/8 (already deactivated, skipping)
  Processing head 4/8 (already deactivated, skipping)
  Processing head 5/8 (softmax output: 1.00) (accuracy 1.00)
  Processing head 6/8 (softmax output: 1.00) (accuracy 1.00)
  Processing head 7/8 (already deactivated, skipping)
  Processing head 8/8 (softmax output: 1.00) (accuracy 1.00)
Processing layer 8/10
  Processing head 1/8 (softmax output: 1.00) (accuracy 1.00)
  Processing head 2/8 (softmax output: 1.00) (accuracy 1.00)
  Processing head 3/8 (softmax output: 1.00) (accuracy 1.00)
  Processing head 4/8 (softmax output: 1.00) (accuracy 1.00)
  Processing head 5/8 (softmax output: 1.00) (accuracy 1.00)
  Processing head 6/8 (already deactivated, skipping)
  Processing head 7/8 (softmax output: 1.00) (accuracy 1.00)
  Processing head 8/8 (softmax output: 1.00) (accuracy 1.00)
Processing layer 9/10
  Processing head 1/8 (already deactivated, skipping)
  Processing head 2/8 (softmax output: 1.00) (accuracy 1.00)
  Processing head 3/8 (softmax output: 1.00) (accuracy 1.00)
  Processing head 4/8 (softmax output: 1.00) (accuracy 1.00)
  Processing head 5/8 (softmax output: 1.00) (accuracy 1.00)
  Processing head 6/8 (already deactivated, skipping)
  Processing head 7/8 (already deactivated, skipping)
  Processing head 8/8 (softmax output: 1.00) (accuracy 1.00)
Processing layer 10/10
  Processing head 1/8 (softmax output: 1.00) (accuracy 1.00)
  Processing head 2/8 (softmax output: 1.00) (accuracy 1.00)
  Processing head 3/8 (already deactivated, skipping)
  Processing head 4/8 (already deactivated, skipping)
  Processing head 5/8 (softmax output: 1.00) (accuracy 1.00)
  Processing head 6/8 (softmax output: 1.00) (accuracy 1.00)
  Processing head 7/8 (already deactivated, skipping)
  Processing head 8/8 (softmax output: 1.00) (accuracy 1.00)
Trial 29/10: Least influential head so far: (7, 2) with accuracy 1.00 and confidence 1.00 
Processing layer 1/10
  Processing head 1/8 (softmax output: 0.99) (accuracy 0.96)
  Processing head 2/8 (already deactivated, skipping)
  Processing head 3/8 (already deactivated, skipping)
  Processing head 4/8 (already deactivated, skipping)
  Processing head 5/8 (already deactivated, skipping)
  Processing head 6/8 (already deactivated, skipping)
  Processing head 7/8 (already deactivated, skipping)
  Processing head 8/8 (already deactivated, skipping)
Processing layer 2/10
  Processing head 1/8 (already deactivated, skipping)
  Processing head 2/8 (already deactivated, skipping)
  Processing head 3/8 (softmax output: 1.00) (accuracy 1.00)
  Processing head 4/8 (softmax output: 1.00) (accuracy 1.00)
  Processing head 5/8 (softmax output: 1.00) (accuracy 0.99)
  Processing head 6/8 (softmax output: 1.00) (accuracy 1.00)
  Processing head 7/8 (softmax output: 1.00) (accuracy 0.99)
  Processing head 8/8 (softmax output: 0.99) (accuracy 0.98)
Processing layer 3/10
  Processing head 1/8 (already deactivated, skipping)
  Processing head 2/8 (already deactivated, skipping)
  Processing head 3/8 (softmax output: 0.99) (accuracy 0.99)
  Processing head 4/8 (softmax output: 1.00) (accuracy 1.00)
  Processing head 5/8 (already deactivated, skipping)
  Processing head 6/8 (softmax output: 1.00) (accuracy 0.98)
  Processing head 7/8 (softmax output: 0.99) (accuracy 0.98)
  Processing head 8/8 (softmax output: 1.00) (accuracy 0.97)
Processing layer 4/10
  Processing head 1/8 (softmax output: 0.99) (accuracy 0.96)
  Processing head 2/8 (softmax output: 0.99) (accuracy 0.98)
  Processing head 3/8 (softmax output: 0.99) (accuracy 0.98)
  Processing head 4/8 (already deactivated, skipping)
  Processing head 5/8 (softmax output: 0.99) (accuracy 0.99)
  Processing head 6/8 (softmax output: 0.98) (accuracy 0.95)
  Processing head 7/8 (softmax output: 0.99) (accuracy 0.97)
  Processing head 8/8 (already deactivated, skipping)
Processing layer 5/10
  Processing head 1/8 (softmax output: 0.99) (accuracy 0.98)
  Processing head 2/8 (softmax output: 0.99) (accuracy 0.98)
  Processing head 3/8 (already deactivated, skipping)
  Processing head 4/8 (softmax output: 1.00) (accuracy 0.99)
  Processing head 5/8 (softmax output: 1.00) (accuracy 1.00)
  Processing head 6/8 (softmax output: 1.00) (accuracy 1.00)
  Processing head 7/8 (softmax output: 1.00) (accuracy 1.00)
  Processing head 8/8 (already deactivated, skipping)
Processing layer 6/10
  Processing head 1/8 (softmax output: 1.00) (accuracy 0.99)
  Processing head 2/8 (softmax output: 1.00) (accuracy 1.00)
  Processing head 3/8 (softmax output: 0.98) (accuracy 0.99)
  Processing head 4/8 (already deactivated, skipping)
  Processing head 5/8 (softmax output: 1.00) (accuracy 0.99)
  Processing head 6/8 (already deactivated, skipping)
  Processing head 7/8 (softmax output: 1.00) (accuracy 1.00)
  Processing head 8/8 (softmax output: 1.00) (accuracy 1.00)
Processing layer 7/10
  Processing head 1/8 (softmax output: 1.00) (accuracy 1.00)
  Processing head 2/8 (softmax output: 1.00) (accuracy 1.00)
  Processing head 3/8 (already deactivated, skipping)
  Processing head 4/8 (already deactivated, skipping)
  Processing head 5/8 (softmax output: 1.00) (accuracy 1.00)
  Processing head 6/8 (softmax output: 1.00) (accuracy 1.00)
  Processing head 7/8 (already deactivated, skipping)
  Processing head 8/8 (softmax output: 0.99) (accuracy 0.99)
Processing layer 8/10
  Processing head 1/8 (softmax output: 1.00) (accuracy 1.00)
  Processing head 2/8 (softmax output: 1.00) (accuracy 1.00)
  Processing head 3/8 (already deactivated, skipping)
  Processing head 4/8 (softmax output: 1.00) (accuracy 1.00)
  Processing head 5/8 (softmax output: 1.00) (accuracy 1.00)
  Processing head 6/8 (already deactivated, skipping)
  Processing head 7/8 (softmax output: 1.00) (accuracy 1.00)
  Processing head 8/8 (softmax output: 1.00) (accuracy 1.00)
Processing layer 9/10
  Processing head 1/8 (already deactivated, skipping)
  Processing head 2/8 (softmax output: 1.00) (accuracy 1.00)
  Processing head 3/8 (softmax output: 1.00) (accuracy 1.00)
  Processing head 4/8 (softmax output: 1.00) (accuracy 1.00)
  Processing head 5/8 (softmax output: 1.00) (accuracy 1.00)
  Processing head 6/8 (already deactivated, skipping)
  Processing head 7/8 (already deactivated, skipping)
  Processing head 8/8 (softmax output: 1.00) (accuracy 1.00)
Processing layer 10/10
  Processing head 1/8 (softmax output: 1.00) (accuracy 1.00)
  Processing head 2/8 (softmax output: 1.00) (accuracy 1.00)
  Processing head 3/8 (already deactivated, skipping)
  Processing head 4/8 (already deactivated, skipping)
  Processing head 5/8 (softmax output: 1.00) (accuracy 1.00)
  Processing head 6/8 (softmax output: 1.00) (accuracy 1.00)
  Processing head 7/8 (already deactivated, skipping)
  Processing head 8/8 (softmax output: 1.00) (accuracy 1.00)
Trial 30/10: Least influential head so far: (9, 0) with accuracy 1.00 and confidence 1.00 
Processing layer 1/10
  Processing head 1/8 (softmax output: 0.99) (accuracy 0.96)
  Processing head 2/8 (already deactivated, skipping)
  Processing head 3/8 (already deactivated, skipping)
  Processing head 4/8 (already deactivated, skipping)
  Processing head 5/8 (already deactivated, skipping)
  Processing head 6/8 (already deactivated, skipping)
  Processing head 7/8 (already deactivated, skipping)
  Processing head 8/8 (already deactivated, skipping)
Processing layer 2/10
  Processing head 1/8 (already deactivated, skipping)
  Processing head 2/8 (already deactivated, skipping)
  Processing head 3/8 (softmax output: 1.00) (accuracy 0.99)
  Processing head 4/8 (softmax output: 0.99) (accuracy 0.99)
  Processing head 5/8 (softmax output: 1.00) (accuracy 0.99)
  Processing head 6/8 (softmax output: 0.99) (accuracy 0.99)
  Processing head 7/8 (softmax output: 1.00) (accuracy 0.99)
  Processing head 8/8 (softmax output: 1.00) (accuracy 0.97)
Processing layer 3/10
  Processing head 1/8 (already deactivated, skipping)
  Processing head 2/8 (already deactivated, skipping)
  Processing head 3/8 (softmax output: 1.00) (accuracy 1.00)
  Processing head 4/8 (softmax output: 1.00) (accuracy 1.00)
  Processing head 5/8 (already deactivated, skipping)
  Processing head 6/8 (softmax output: 1.00) (accuracy 0.98)
  Processing head 7/8 (softmax output: 0.99) (accuracy 0.97)
  Processing head 8/8 (softmax output: 1.00) (accuracy 0.97)
Processing layer 4/10
  Processing head 1/8 (softmax output: 0.99) (accuracy 0.95)
  Processing head 2/8 (softmax output: 1.00) (accuracy 0.98)
  Processing head 3/8 (softmax output: 1.00) (accuracy 0.98)
  Processing head 4/8 (already deactivated, skipping)
  Processing head 5/8 (softmax output: 0.99) (accuracy 0.99)
  Processing head 6/8 (softmax output: 0.98) (accuracy 0.93)
  Processing head 7/8 (softmax output: 1.00) (accuracy 0.94)
  Processing head 8/8 (already deactivated, skipping)
Processing layer 5/10
  Processing head 1/8 (softmax output: 1.00) (accuracy 0.98)
  Processing head 2/8 (softmax output: 0.99) (accuracy 0.99)
  Processing head 3/8 (already deactivated, skipping)
  Processing head 4/8 (softmax output: 1.00) (accuracy 1.00)
  Processing head 5/8 (softmax output: 1.00) (accuracy 1.00)
  Processing head 6/8 (softmax output: 1.00) (accuracy 1.00)
  Processing head 7/8 (softmax output: 1.00) (accuracy 1.00)
  Processing head 8/8 (already deactivated, skipping)
Processing layer 6/10
  Processing head 1/8 (softmax output: 1.00) (accuracy 1.00)
  Processing head 2/8 (softmax output: 1.00) (accuracy 1.00)
  Processing head 3/8 (softmax output: 0.99) (accuracy 0.99)
  Processing head 4/8 (already deactivated, skipping)
  Processing head 5/8 (softmax output: 1.00) (accuracy 0.99)
  Processing head 6/8 (already deactivated, skipping)
  Processing head 7/8 (softmax output: 1.00) (accuracy 1.00)
  Processing head 8/8 (softmax output: 1.00) (accuracy 1.00)
Processing layer 7/10
  Processing head 1/8 (softmax output: 1.00) (accuracy 1.00)
  Processing head 2/8 (softmax output: 1.00) (accuracy 1.00)
  Processing head 3/8 (already deactivated, skipping)
  Processing head 4/8 (already deactivated, skipping)
  Processing head 5/8 (softmax output: 1.00) (accuracy 1.00)
  Processing head 6/8 (softmax output: 1.00) (accuracy 1.00)
  Processing head 7/8 (already deactivated, skipping)
  Processing head 8/8 (softmax output: 1.00) (accuracy 1.00)
Processing layer 8/10
  Processing head 1/8 (softmax output: 1.00) (accuracy 1.00)
  Processing head 2/8 (softmax output: 1.00) (accuracy 1.00)
  Processing head 3/8 (already deactivated, skipping)
  Processing head 4/8 (softmax output: 1.00) (accuracy 1.00)
  Processing head 5/8 (softmax output: 1.00) (accuracy 1.00)
  Processing head 6/8 (already deactivated, skipping)
  Processing head 7/8 (softmax output: 1.00) (accuracy 1.00)
  Processing head 8/8 (softmax output: 1.00) (accuracy 1.00)
Processing layer 9/10
  Processing head 1/8 (already deactivated, skipping)
  Processing head 2/8 (softmax output: 1.00) (accuracy 1.00)
  Processing head 3/8 (softmax output: 1.00) (accuracy 1.00)
  Processing head 4/8 (softmax output: 1.00) (accuracy 1.00)
  Processing head 5/8 (softmax output: 1.00) (accuracy 1.00)
  Processing head 6/8 (already deactivated, skipping)
  Processing head 7/8 (already deactivated, skipping)
  Processing head 8/8 (softmax output: 1.00) (accuracy 1.00)
Processing layer 10/10
  Processing head 1/8 (already deactivated, skipping)
  Processing head 2/8 (softmax output: 1.00) (accuracy 1.00)
  Processing head 3/8 (already deactivated, skipping)
  Processing head 4/8 (already deactivated, skipping)
  Processing head 5/8 (softmax output: 1.00) (accuracy 1.00)
  Processing head 6/8 (softmax output: 1.00) (accuracy 1.00)
  Processing head 7/8 (already deactivated, skipping)
  Processing head 8/8 (softmax output: 1.00) (accuracy 1.00)
Trial 31/10: Least influential head so far: (7, 7) with accuracy 1.00 and confidence 1.00 
Processing layer 1/10
  Processing head 1/8 (softmax output: 0.99) (accuracy 0.96)
  Processing head 2/8 (already deactivated, skipping)
  Processing head 3/8 (already deactivated, skipping)
  Processing head 4/8 (already deactivated, skipping)
  Processing head 5/8 (already deactivated, skipping)
  Processing head 6/8 (already deactivated, skipping)
  Processing head 7/8 (already deactivated, skipping)
  Processing head 8/8 (already deactivated, skipping)
Processing layer 2/10
  Processing head 1/8 (already deactivated, skipping)
  Processing head 2/8 (already deactivated, skipping)
  Processing head 3/8 (softmax output: 1.00) (accuracy 1.00)
  Processing head 4/8 (softmax output: 1.00) (accuracy 1.00)
  Processing head 5/8 (softmax output: 1.00) (accuracy 0.99)
  Processing head 6/8 (softmax output: 1.00) (accuracy 1.00)
  Processing head 7/8 (softmax output: 1.00) (accuracy 1.00)
  Processing head 8/8 (softmax output: 0.99) (accuracy 0.98)
Processing layer 3/10
  Processing head 1/8 (already deactivated, skipping)
  Processing head 2/8 (already deactivated, skipping)
  Processing head 3/8 (softmax output: 0.99) (accuracy 1.00)
  Processing head 4/8 (softmax output: 1.00) (accuracy 1.00)
  Processing head 5/8 (already deactivated, skipping)
  Processing head 6/8 (softmax output: 0.99) (accuracy 0.98)
  Processing head 7/8 (softmax output: 0.99) (accuracy 0.99)
  Processing head 8/8 (softmax output: 1.00) (accuracy 0.97)
Processing layer 4/10
  Processing head 1/8 (softmax output: 0.98) (accuracy 0.97)
  Processing head 2/8 (softmax output: 1.00) (accuracy 0.98)
  Processing head 3/8 (softmax output: 1.00) (accuracy 0.99)
  Processing head 4/8 (already deactivated, skipping)
  Processing head 5/8 (softmax output: 0.99) (accuracy 0.99)
  Processing head 6/8 (softmax output: 0.98) (accuracy 0.95)
  Processing head 7/8 (softmax output: 0.99) (accuracy 0.97)
  Processing head 8/8 (already deactivated, skipping)
Processing layer 5/10
  Processing head 1/8 (softmax output: 0.99) (accuracy 0.98)
  Processing head 2/8 (softmax output: 0.99) (accuracy 0.98)
  Processing head 3/8 (already deactivated, skipping)
  Processing head 4/8 (softmax output: 1.00) (accuracy 0.99)
  Processing head 5/8 (softmax output: 1.00) (accuracy 1.00)
  Processing head 6/8 (softmax output: 1.00) (accuracy 1.00)
  Processing head 7/8 (softmax output: 1.00) (accuracy 1.00)
  Processing head 8/8 (already deactivated, skipping)
Processing layer 6/10
  Processing head 1/8 (softmax output: 1.00) (accuracy 0.99)
  Processing head 2/8 (softmax output: 1.00) (accuracy 1.00)
  Processing head 3/8 (softmax output: 0.99) (accuracy 0.99)
  Processing head 4/8 (already deactivated, skipping)
  Processing head 5/8 (softmax output: 1.00) (accuracy 0.99)
  Processing head 6/8 (already deactivated, skipping)
  Processing head 7/8 (softmax output: 1.00) (accuracy 1.00)
  Processing head 8/8 (softmax output: 1.00) (accuracy 1.00)
Processing layer 7/10
  Processing head 1/8 (softmax output: 1.00) (accuracy 1.00)
  Processing head 2/8 (softmax output: 1.00) (accuracy 1.00)
  Processing head 3/8 (already deactivated, skipping)
  Processing head 4/8 (already deactivated, skipping)
  Processing head 5/8 (softmax output: 1.00) (accuracy 1.00)
  Processing head 6/8 (softmax output: 1.00) (accuracy 1.00)
  Processing head 7/8 (already deactivated, skipping)
  Processing head 8/8 (softmax output: 0.99) (accuracy 0.99)
Processing layer 8/10
  Processing head 1/8 (softmax output: 1.00) (accuracy 1.00)
  Processing head 2/8 (softmax output: 1.00) (accuracy 1.00)
  Processing head 3/8 (already deactivated, skipping)
  Processing head 4/8 (softmax output: 1.00) (accuracy 1.00)
  Processing head 5/8 (softmax output: 1.00) (accuracy 1.00)
  Processing head 6/8 (already deactivated, skipping)
  Processing head 7/8 (softmax output: 1.00) (accuracy 1.00)
  Processing head 8/8 (already deactivated, skipping)
Processing layer 9/10
  Processing head 1/8 (already deactivated, skipping)
  Processing head 2/8 (softmax output: 1.00) (accuracy 1.00)
  Processing head 3/8 (softmax output: 1.00) (accuracy 1.00)
  Processing head 4/8 (softmax output: 1.00) (accuracy 1.00)
  Processing head 5/8 (softmax output: 1.00) (accuracy 1.00)
  Processing head 6/8 (already deactivated, skipping)
  Processing head 7/8 (already deactivated, skipping)
  Processing head 8/8 (softmax output: 1.00) (accuracy 1.00)
Processing layer 10/10
  Processing head 1/8 (already deactivated, skipping)
  Processing head 2/8 (softmax output: 1.00) (accuracy 1.00)
  Processing head 3/8 (already deactivated, skipping)
  Processing head 4/8 (already deactivated, skipping)
  Processing head 5/8 (softmax output: 1.00) (accuracy 1.00)
  Processing head 6/8 (softmax output: 1.00) (accuracy 1.00)
  Processing head 7/8 (already deactivated, skipping)
  Processing head 8/8 (softmax output: 1.00) (accuracy 1.00)
Trial 32/10: Least influential head so far: (9, 7) with accuracy 1.00 and confidence 1.00 
Processing layer 1/10
  Processing head 1/8 (softmax output: 0.99) (accuracy 0.96)
  Processing head 2/8 (already deactivated, skipping)
  Processing head 3/8 (already deactivated, skipping)
  Processing head 4/8 (already deactivated, skipping)
  Processing head 5/8 (already deactivated, skipping)
  Processing head 6/8 (already deactivated, skipping)
  Processing head 7/8 (already deactivated, skipping)
  Processing head 8/8 (already deactivated, skipping)
Processing layer 2/10
  Processing head 1/8 (already deactivated, skipping)
  Processing head 2/8 (already deactivated, skipping)
  Processing head 3/8 (softmax output: 1.00) (accuracy 1.00)
  Processing head 4/8 (softmax output: 1.00) (accuracy 1.00)
  Processing head 5/8 (softmax output: 1.00) (accuracy 0.99)
  Processing head 6/8 (softmax output: 1.00) (accuracy 1.00)
  Processing head 7/8 (softmax output: 1.00) (accuracy 1.00)
  Processing head 8/8 (softmax output: 0.99) (accuracy 0.98)
Processing layer 3/10
  Processing head 1/8 (already deactivated, skipping)
  Processing head 2/8 (already deactivated, skipping)
  Processing head 3/8 (softmax output: 0.99) (accuracy 1.00)
  Processing head 4/8 (softmax output: 1.00) (accuracy 1.00)
  Processing head 5/8 (already deactivated, skipping)
  Processing head 6/8 (softmax output: 0.99) (accuracy 0.98)
  Processing head 7/8 (softmax output: 0.99) (accuracy 0.99)
  Processing head 8/8 (softmax output: 1.00) (accuracy 0.97)
Processing layer 4/10
  Processing head 1/8 (softmax output: 0.98) (accuracy 0.97)
  Processing head 2/8 (softmax output: 1.00) (accuracy 0.98)
  Processing head 3/8 (softmax output: 1.00) (accuracy 0.99)
  Processing head 4/8 (already deactivated, skipping)
  Processing head 5/8 (softmax output: 0.99) (accuracy 0.99)
  Processing head 6/8 (softmax output: 0.98) (accuracy 0.95)
  Processing head 7/8 (softmax output: 0.99) (accuracy 0.97)
  Processing head 8/8 (already deactivated, skipping)
Processing layer 5/10
  Processing head 1/8 (softmax output: 0.99) (accuracy 0.98)
  Processing head 2/8 (softmax output: 0.99) (accuracy 0.98)
  Processing head 3/8 (already deactivated, skipping)
  Processing head 4/8 (softmax output: 1.00) (accuracy 0.99)
  Processing head 5/8 (softmax output: 1.00) (accuracy 1.00)
  Processing head 6/8 (softmax output: 1.00) (accuracy 1.00)
  Processing head 7/8 (softmax output: 1.00) (accuracy 1.00)
  Processing head 8/8 (already deactivated, skipping)
Processing layer 6/10
  Processing head 1/8 (softmax output: 1.00) (accuracy 0.99)
  Processing head 2/8 (softmax output: 1.00) (accuracy 1.00)
  Processing head 3/8 (softmax output: 0.99) (accuracy 0.99)
  Processing head 4/8 (already deactivated, skipping)
  Processing head 5/8 (softmax output: 1.00) (accuracy 0.99)
  Processing head 6/8 (already deactivated, skipping)
  Processing head 7/8 (softmax output: 1.00) (accuracy 1.00)
  Processing head 8/8 (softmax output: 1.00) (accuracy 1.00)
Processing layer 7/10
  Processing head 1/8 (softmax output: 1.00) (accuracy 1.00)
  Processing head 2/8 (softmax output: 1.00) (accuracy 1.00)
  Processing head 3/8 (already deactivated, skipping)
  Processing head 4/8 (already deactivated, skipping)
  Processing head 5/8 (softmax output: 1.00) (accuracy 1.00)
  Processing head 6/8 (softmax output: 1.00) (accuracy 1.00)
  Processing head 7/8 (already deactivated, skipping)
  Processing head 8/8 (softmax output: 0.99) (accuracy 0.99)
Processing layer 8/10
  Processing head 1/8 (softmax output: 1.00) (accuracy 1.00)
  Processing head 2/8 (softmax output: 1.00) (accuracy 1.00)
  Processing head 3/8 (already deactivated, skipping)
  Processing head 4/8 (softmax output: 1.00) (accuracy 1.00)
  Processing head 5/8 (softmax output: 1.00) (accuracy 1.00)
  Processing head 6/8 (already deactivated, skipping)
  Processing head 7/8 (softmax output: 1.00) (accuracy 1.00)
  Processing head 8/8 (already deactivated, skipping)
Processing layer 9/10
  Processing head 1/8 (already deactivated, skipping)
  Processing head 2/8 (softmax output: 1.00) (accuracy 1.00)
  Processing head 3/8 (softmax output: 1.00) (accuracy 1.00)
  Processing head 4/8 (softmax output: 1.00) (accuracy 1.00)
  Processing head 5/8 (softmax output: 1.00) (accuracy 1.00)
  Processing head 6/8 (already deactivated, skipping)
  Processing head 7/8 (already deactivated, skipping)
  Processing head 8/8 (softmax output: 1.00) (accuracy 1.00)
Processing layer 10/10
  Processing head 1/8 (already deactivated, skipping)
  Processing head 2/8 (softmax output: 1.00) (accuracy 1.00)
  Processing head 3/8 (already deactivated, skipping)
  Processing head 4/8 (already deactivated, skipping)
  Processing head 5/8 (softmax output: 1.00) (accuracy 1.00)
  Processing head 6/8 (softmax output: 1.00) (accuracy 1.00)
  Processing head 7/8 (already deactivated, skipping)
  Processing head 8/8 (already deactivated, skipping)
Trial 33/10: Least influential head so far: (7, 1) with accuracy 1.00 and confidence 1.00 
Processing layer 1/10
  Processing head 1/8 (softmax output: 0.99) (accuracy 0.96)
  Processing head 2/8 (already deactivated, skipping)
  Processing head 3/8 (already deactivated, skipping)
  Processing head 4/8 (already deactivated, skipping)
  Processing head 5/8 (already deactivated, skipping)
  Processing head 6/8 (already deactivated, skipping)
  Processing head 7/8 (already deactivated, skipping)
  Processing head 8/8 (already deactivated, skipping)
Processing layer 2/10
  Processing head 1/8 (already deactivated, skipping)
  Processing head 2/8 (already deactivated, skipping)
  Processing head 3/8 (softmax output: 1.00) (accuracy 0.99)
  Processing head 4/8 (softmax output: 1.00) (accuracy 0.99)
  Processing head 5/8 (softmax output: 1.00) (accuracy 0.99)
  Processing head 6/8 (softmax output: 0.99) (accuracy 1.00)
  Processing head 7/8 (softmax output: 1.00) (accuracy 0.99)
  Processing head 8/8 (softmax output: 0.99) (accuracy 0.97)
Processing layer 3/10
  Processing head 1/8 (already deactivated, skipping)
  Processing head 2/8 (already deactivated, skipping)
  Processing head 3/8 (softmax output: 1.00) (accuracy 1.00)
  Processing head 4/8 (softmax output: 1.00) (accuracy 1.00)
  Processing head 5/8 (already deactivated, skipping)
  Processing head 6/8 (softmax output: 0.99) (accuracy 0.98)
  Processing head 7/8 (softmax output: 0.99) (accuracy 0.99)
  Processing head 8/8 (softmax output: 0.99) (accuracy 0.96)
Processing layer 4/10
  Processing head 1/8 (softmax output: 0.99) (accuracy 0.95)
  Processing head 2/8 (softmax output: 0.99) (accuracy 0.98)
  Processing head 3/8 (softmax output: 1.00) (accuracy 0.98)
  Processing head 4/8 (already deactivated, skipping)
  Processing head 5/8 (softmax output: 0.99) (accuracy 0.99)
  Processing head 6/8 (softmax output: 0.98) (accuracy 0.91)
  Processing head 7/8 (softmax output: 0.99) (accuracy 0.94)
  Processing head 8/8 (already deactivated, skipping)
Processing layer 5/10
  Processing head 1/8 (softmax output: 1.00) (accuracy 0.98)
  Processing head 2/8 (softmax output: 0.99) (accuracy 0.99)
  Processing head 3/8 (already deactivated, skipping)
  Processing head 4/8 (softmax output: 1.00) (accuracy 1.00)
  Processing head 5/8 (softmax output: 0.99) (accuracy 1.00)
  Processing head 6/8 (softmax output: 1.00) (accuracy 1.00)
  Processing head 7/8 (softmax output: 1.00) (accuracy 1.00)
  Processing head 8/8 (already deactivated, skipping)
Processing layer 6/10
  Processing head 1/8 (softmax output: 1.00) (accuracy 1.00)
  Processing head 2/8 (softmax output: 1.00) (accuracy 1.00)
  Processing head 3/8 (softmax output: 0.99) (accuracy 0.98)
  Processing head 4/8 (already deactivated, skipping)
  Processing head 5/8 (softmax output: 0.99) (accuracy 0.99)
  Processing head 6/8 (already deactivated, skipping)
  Processing head 7/8 (softmax output: 1.00) (accuracy 1.00)
  Processing head 8/8 (softmax output: 1.00) (accuracy 0.99)
Processing layer 7/10
  Processing head 1/8 (softmax output: 1.00) (accuracy 0.99)
  Processing head 2/8 (softmax output: 1.00) (accuracy 0.99)
  Processing head 3/8 (already deactivated, skipping)
  Processing head 4/8 (already deactivated, skipping)
  Processing head 5/8 (softmax output: 1.00) (accuracy 1.00)
  Processing head 6/8 (softmax output: 1.00) (accuracy 1.00)
  Processing head 7/8 (already deactivated, skipping)
  Processing head 8/8 (softmax output: 1.00) (accuracy 0.99)
Processing layer 8/10
  Processing head 1/8 (softmax output: 1.00) (accuracy 1.00)
  Processing head 2/8 (already deactivated, skipping)
  Processing head 3/8 (already deactivated, skipping)
  Processing head 4/8 (softmax output: 1.00) (accuracy 1.00)
  Processing head 5/8 (softmax output: 1.00) (accuracy 1.00)
  Processing head 6/8 (already deactivated, skipping)
  Processing head 7/8 (softmax output: 1.00) (accuracy 1.00)
  Processing head 8/8 (already deactivated, skipping)
Processing layer 9/10
  Processing head 1/8 (already deactivated, skipping)
  Processing head 2/8 (softmax output: 1.00) (accuracy 1.00)
  Processing head 3/8 (softmax output: 1.00) (accuracy 1.00)
  Processing head 4/8 (softmax output: 1.00) (accuracy 1.00)
  Processing head 5/8 (softmax output: 1.00) (accuracy 1.00)
  Processing head 6/8 (already deactivated, skipping)
  Processing head 7/8 (already deactivated, skipping)
  Processing head 8/8 (softmax output: 1.00) (accuracy 1.00)
Processing layer 10/10
  Processing head 1/8 (already deactivated, skipping)
  Processing head 2/8 (softmax output: 1.00) (accuracy 1.00)
  Processing head 3/8 (already deactivated, skipping)
  Processing head 4/8 (already deactivated, skipping)
  Processing head 5/8 (softmax output: 1.00) (accuracy 1.00)
  Processing head 6/8 (softmax output: 1.00) (accuracy 1.00)
  Processing head 7/8 (already deactivated, skipping)
  Processing head 8/8 (already deactivated, skipping)
Trial 34/10: Least influential head so far: (9, 1) with accuracy 1.00 and confidence 1.00 
Processing layer 1/10
  Processing head 1/8 (softmax output: 0.99) (accuracy 0.96)
  Processing head 2/8 (already deactivated, skipping)
  Processing head 3/8 (already deactivated, skipping)
  Processing head 4/8 (already deactivated, skipping)
  Processing head 5/8 (already deactivated, skipping)
  Processing head 6/8 (already deactivated, skipping)
  Processing head 7/8 (already deactivated, skipping)
  Processing head 8/8 (already deactivated, skipping)
Processing layer 2/10
  Processing head 1/8 (already deactivated, skipping)
  Processing head 2/8 (already deactivated, skipping)
  Processing head 3/8 (softmax output: 1.00) (accuracy 0.99)
  Processing head 4/8 (softmax output: 0.99) (accuracy 0.99)
  Processing head 5/8 (softmax output: 1.00) (accuracy 0.99)
  Processing head 6/8 (softmax output: 1.00) (accuracy 1.00)
  Processing head 7/8 (softmax output: 1.00) (accuracy 1.00)
  Processing head 8/8 (softmax output: 0.99) (accuracy 0.96)
Processing layer 3/10
  Processing head 1/8 (already deactivated, skipping)
  Processing head 2/8 (already deactivated, skipping)
  Processing head 3/8 (softmax output: 1.00) (accuracy 1.00)
  Processing head 4/8 (softmax output: 1.00) (accuracy 1.00)
  Processing head 5/8 (already deactivated, skipping)
  Processing head 6/8 (softmax output: 0.99) (accuracy 0.98)
  Processing head 7/8 (softmax output: 0.99) (accuracy 0.98)
  Processing head 8/8 (softmax output: 0.99) (accuracy 0.97)
Processing layer 4/10
  Processing head 1/8 (softmax output: 0.99) (accuracy 0.95)
  Processing head 2/8 (softmax output: 0.99) (accuracy 0.98)
  Processing head 3/8 (softmax output: 0.99) (accuracy 0.98)
  Processing head 4/8 (already deactivated, skipping)
  Processing head 5/8 (softmax output: 0.99) (accuracy 0.99)
  Processing head 6/8 (softmax output: 0.98) (accuracy 0.94)
  Processing head 7/8 (softmax output: 1.00) (accuracy 0.94)
  Processing head 8/8 (already deactivated, skipping)
Processing layer 5/10
  Processing head 1/8 (softmax output: 1.00) (accuracy 0.98)
  Processing head 2/8 (softmax output: 1.00) (accuracy 0.99)
  Processing head 3/8 (already deactivated, skipping)
  Processing head 4/8 (softmax output: 1.00) (accuracy 1.00)
  Processing head 5/8 (softmax output: 0.99) (accuracy 0.99)
  Processing head 6/8 (softmax output: 1.00) (accuracy 0.99)
  Processing head 7/8 (softmax output: 1.00) (accuracy 1.00)
  Processing head 8/8 (already deactivated, skipping)
Processing layer 6/10
  Processing head 1/8 (softmax output: 1.00) (accuracy 1.00)
  Processing head 2/8 (softmax output: 1.00) (accuracy 1.00)
  Processing head 3/8 (softmax output: 0.99) (accuracy 0.98)
  Processing head 4/8 (already deactivated, skipping)
  Processing head 5/8 (softmax output: 1.00) (accuracy 1.00)
  Processing head 6/8 (already deactivated, skipping)
  Processing head 7/8 (softmax output: 1.00) (accuracy 1.00)
  Processing head 8/8 (softmax output: 1.00) (accuracy 0.99)
Processing layer 7/10
  Processing head 1/8 (softmax output: 1.00) (accuracy 0.99)
  Processing head 2/8 (softmax output: 0.99) (accuracy 1.00)
  Processing head 3/8 (already deactivated, skipping)
  Processing head 4/8 (already deactivated, skipping)
  Processing head 5/8 (softmax output: 1.00) (accuracy 1.00)
  Processing head 6/8 (softmax output: 1.00) (accuracy 1.00)
  Processing head 7/8 (already deactivated, skipping)
  Processing head 8/8 (softmax output: 0.99) (accuracy 1.00)
Processing layer 8/10
  Processing head 1/8 (softmax output: 1.00) (accuracy 1.00)
  Processing head 2/8 (already deactivated, skipping)
  Processing head 3/8 (already deactivated, skipping)
  Processing head 4/8 (softmax output: 1.00) (accuracy 1.00)
  Processing head 5/8 (softmax output: 1.00) (accuracy 1.00)
  Processing head 6/8 (already deactivated, skipping)
  Processing head 7/8 (softmax output: 1.00) (accuracy 1.00)
  Processing head 8/8 (already deactivated, skipping)
Processing layer 9/10
  Processing head 1/8 (already deactivated, skipping)
  Processing head 2/8 (softmax output: 1.00) (accuracy 1.00)
  Processing head 3/8 (softmax output: 1.00) (accuracy 1.00)
  Processing head 4/8 (softmax output: 1.00) (accuracy 1.00)
  Processing head 5/8 (softmax output: 1.00) (accuracy 1.00)
  Processing head 6/8 (already deactivated, skipping)
  Processing head 7/8 (already deactivated, skipping)
  Processing head 8/8 (softmax output: 1.00) (accuracy 1.00)
Processing layer 10/10
  Processing head 1/8 (already deactivated, skipping)
  Processing head 2/8 (already deactivated, skipping)
  Processing head 3/8 (already deactivated, skipping)
  Processing head 4/8 (already deactivated, skipping)
  Processing head 5/8 (softmax output: 1.00) (accuracy 1.00)
  Processing head 6/8 (softmax output: 1.00) (accuracy 1.00)
  Processing head 7/8 (already deactivated, skipping)
  Processing head 8/8 (already deactivated, skipping)
Trial 35/10: Least influential head so far: (7, 0) with accuracy 1.00 and confidence 1.00 
Processing layer 1/10
  Processing head 1/8 (softmax output: 0.99) (accuracy 0.97)
  Processing head 2/8 (already deactivated, skipping)
  Processing head 3/8 (already deactivated, skipping)
  Processing head 4/8 (already deactivated, skipping)
  Processing head 5/8 (already deactivated, skipping)
  Processing head 6/8 (already deactivated, skipping)
  Processing head 7/8 (already deactivated, skipping)
  Processing head 8/8 (already deactivated, skipping)
Processing layer 2/10
  Processing head 1/8 (already deactivated, skipping)
  Processing head 2/8 (already deactivated, skipping)
  Processing head 3/8 (softmax output: 1.00) (accuracy 0.99)
  Processing head 4/8 (softmax output: 0.99) (accuracy 0.99)
  Processing head 5/8 (softmax output: 1.00) (accuracy 0.99)
  Processing head 6/8 (softmax output: 0.99) (accuracy 0.99)
  Processing head 7/8 (softmax output: 1.00) (accuracy 0.99)
  Processing head 8/8 (softmax output: 1.00) (accuracy 0.97)
Processing layer 3/10
  Processing head 1/8 (already deactivated, skipping)
  Processing head 2/8 (already deactivated, skipping)
  Processing head 3/8 (softmax output: 1.00) (accuracy 1.00)
  Processing head 4/8 (softmax output: 1.00) (accuracy 0.99)
  Processing head 5/8 (already deactivated, skipping)
  Processing head 6/8 (softmax output: 1.00) (accuracy 0.98)
  Processing head 7/8 (softmax output: 0.99) (accuracy 0.98)
  Processing head 8/8 (softmax output: 0.99) (accuracy 0.96)
Processing layer 4/10
  Processing head 1/8 (softmax output: 0.99) (accuracy 0.95)
  Processing head 2/8 (softmax output: 1.00) (accuracy 0.98)
  Processing head 3/8 (softmax output: 1.00) (accuracy 0.98)
  Processing head 4/8 (already deactivated, skipping)
  Processing head 5/8 (softmax output: 0.99) (accuracy 1.00)
  Processing head 6/8 (softmax output: 0.97) (accuracy 0.94)
  Processing head 7/8 (softmax output: 0.99) (accuracy 0.94)
  Processing head 8/8 (already deactivated, skipping)
Processing layer 5/10
  Processing head 1/8 (softmax output: 1.00) (accuracy 0.98)
  Processing head 2/8 (softmax output: 1.00) (accuracy 0.99)
  Processing head 3/8 (already deactivated, skipping)
  Processing head 4/8 (softmax output: 0.99) (accuracy 1.00)
  Processing head 5/8 (softmax output: 0.99) (accuracy 1.00)
  Processing head 6/8 (softmax output: 1.00) (accuracy 1.00)
  Processing head 7/8 (softmax output: 1.00) (accuracy 1.00)
  Processing head 8/8 (already deactivated, skipping)
Processing layer 6/10
  Processing head 1/8 (softmax output: 0.99) (accuracy 1.00)
  Processing head 2/8 (softmax output: 1.00) (accuracy 1.00)
  Processing head 3/8 (softmax output: 1.00) (accuracy 0.99)
  Processing head 4/8 (already deactivated, skipping)
  Processing head 5/8 (softmax output: 1.00) (accuracy 0.99)
  Processing head 6/8 (already deactivated, skipping)
  Processing head 7/8 (softmax output: 1.00) (accuracy 1.00)
  Processing head 8/8 (softmax output: 1.00) (accuracy 1.00)
Processing layer 7/10
  Processing head 1/8 (softmax output: 1.00) (accuracy 0.99)
  Processing head 2/8 (softmax output: 0.99) (accuracy 1.00)
  Processing head 3/8 (already deactivated, skipping)
  Processing head 4/8 (already deactivated, skipping)
  Processing head 5/8 (softmax output: 1.00) (accuracy 1.00)
  Processing head 6/8 (softmax output: 1.00) (accuracy 1.00)
  Processing head 7/8 (already deactivated, skipping)
  Processing head 8/8 (softmax output: 1.00) (accuracy 1.00)
Processing layer 8/10
  Processing head 1/8 (already deactivated, skipping)
  Processing head 2/8 (already deactivated, skipping)
  Processing head 3/8 (already deactivated, skipping)
  Processing head 4/8 (softmax output: 1.00) (accuracy 1.00)
  Processing head 5/8 (softmax output: 1.00) (accuracy 1.00)
  Processing head 6/8 (already deactivated, skipping)
  Processing head 7/8 (softmax output: 1.00) (accuracy 1.00)
  Processing head 8/8 (already deactivated, skipping)
Processing layer 9/10
  Processing head 1/8 (already deactivated, skipping)
  Processing head 2/8 (softmax output: 1.00) (accuracy 1.00)
  Processing head 3/8 (softmax output: 1.00) (accuracy 1.00)
  Processing head 4/8 (softmax output: 1.00) (accuracy 1.00)
  Processing head 5/8 (softmax output: 1.00) (accuracy 1.00)
  Processing head 6/8 (already deactivated, skipping)
  Processing head 7/8 (already deactivated, skipping)
  Processing head 8/8 (softmax output: 1.00) (accuracy 1.00)
Processing layer 10/10
  Processing head 1/8 (already deactivated, skipping)
  Processing head 2/8 (already deactivated, skipping)
  Processing head 3/8 (already deactivated, skipping)
  Processing head 4/8 (already deactivated, skipping)
  Processing head 5/8 (softmax output: 1.00) (accuracy 1.00)
  Processing head 6/8 (softmax output: 1.00) (accuracy 1.00)
  Processing head 7/8 (already deactivated, skipping)
  Processing head 8/8 (already deactivated, skipping)
Trial 36/10: Least influential head so far: (7, 4) with accuracy 1.00 and confidence 1.00 
Processing layer 1/10
  Processing head 1/8 (softmax output: 0.99) (accuracy 0.97)
  Processing head 2/8 (already deactivated, skipping)
  Processing head 3/8 (already deactivated, skipping)
  Processing head 4/8 (already deactivated, skipping)
  Processing head 5/8 (already deactivated, skipping)
  Processing head 6/8 (already deactivated, skipping)
  Processing head 7/8 (already deactivated, skipping)
  Processing head 8/8 (already deactivated, skipping)
Processing layer 2/10
  Processing head 1/8 (already deactivated, skipping)
  Processing head 2/8 (already deactivated, skipping)
  Processing head 3/8 (softmax output: 1.00) (accuracy 0.99)
  Processing head 4/8 (softmax output: 1.00) (accuracy 0.99)
  Processing head 5/8 (softmax output: 1.00) (accuracy 0.99)
  Processing head 6/8 (softmax output: 1.00) (accuracy 0.99)
  Processing head 7/8 (softmax output: 1.00) (accuracy 0.99)
  Processing head 8/8 (softmax output: 1.00) (accuracy 0.96)
Processing layer 3/10
  Processing head 1/8 (already deactivated, skipping)
  Processing head 2/8 (already deactivated, skipping)
  Processing head 3/8 (softmax output: 1.00) (accuracy 1.00)
  Processing head 4/8 (softmax output: 1.00) (accuracy 1.00)
  Processing head 5/8 (already deactivated, skipping)
  Processing head 6/8 (softmax output: 1.00) (accuracy 0.98)
  Processing head 7/8 (softmax output: 1.00) (accuracy 0.98)
  Processing head 8/8 (softmax output: 0.99) (accuracy 0.96)
Processing layer 4/10
  Processing head 1/8 (softmax output: 0.99) (accuracy 0.96)
  Processing head 2/8 (softmax output: 1.00) (accuracy 0.98)
  Processing head 3/8 (softmax output: 0.99) (accuracy 0.98)
  Processing head 4/8 (already deactivated, skipping)
  Processing head 5/8 (softmax output: 0.99) (accuracy 1.00)
  Processing head 6/8 (softmax output: 0.98) (accuracy 0.94)
  Processing head 7/8 (softmax output: 0.99) (accuracy 0.95)
  Processing head 8/8 (already deactivated, skipping)
Processing layer 5/10
  Processing head 1/8 (softmax output: 1.00) (accuracy 0.98)
  Processing head 2/8 (softmax output: 0.99) (accuracy 0.98)
  Processing head 3/8 (already deactivated, skipping)
  Processing head 4/8 (softmax output: 1.00) (accuracy 0.99)
  Processing head 5/8 (softmax output: 1.00) (accuracy 0.99)
  Processing head 6/8 (softmax output: 1.00) (accuracy 1.00)
  Processing head 7/8 (softmax output: 1.00) (accuracy 1.00)
  Processing head 8/8 (already deactivated, skipping)
Processing layer 6/10
  Processing head 1/8 (softmax output: 1.00) (accuracy 1.00)
  Processing head 2/8 (softmax output: 1.00) (accuracy 1.00)
  Processing head 3/8 (softmax output: 0.99) (accuracy 0.98)
  Processing head 4/8 (already deactivated, skipping)
  Processing head 5/8 (softmax output: 1.00) (accuracy 0.99)
  Processing head 6/8 (already deactivated, skipping)
  Processing head 7/8 (softmax output: 1.00) (accuracy 1.00)
  Processing head 8/8 (softmax output: 1.00) (accuracy 1.00)
Processing layer 7/10
  Processing head 1/8 (softmax output: 1.00) (accuracy 1.00)
  Processing head 2/8 (softmax output: 0.99) (accuracy 1.00)
  Processing head 3/8 (already deactivated, skipping)
  Processing head 4/8 (already deactivated, skipping)
  Processing head 5/8 (softmax output: 1.00) (accuracy 1.00)
  Processing head 6/8 (softmax output: 1.00) (accuracy 1.00)
  Processing head 7/8 (already deactivated, skipping)
  Processing head 8/8 (softmax output: 1.00) (accuracy 1.00)
Processing layer 8/10
  Processing head 1/8 (already deactivated, skipping)
  Processing head 2/8 (already deactivated, skipping)
  Processing head 3/8 (already deactivated, skipping)
  Processing head 4/8 (softmax output: 1.00) (accuracy 1.00)
  Processing head 5/8 (already deactivated, skipping)
  Processing head 6/8 (already deactivated, skipping)
  Processing head 7/8 (softmax output: 1.00) (accuracy 1.00)
  Processing head 8/8 (already deactivated, skipping)
Processing layer 9/10
  Processing head 1/8 (already deactivated, skipping)
  Processing head 2/8 (softmax output: 1.00) (accuracy 1.00)
  Processing head 3/8 (softmax output: 1.00) (accuracy 1.00)
  Processing head 4/8 (softmax output: 1.00) (accuracy 1.00)
  Processing head 5/8 (softmax output: 1.00) (accuracy 1.00)
  Processing head 6/8 (already deactivated, skipping)
  Processing head 7/8 (already deactivated, skipping)
  Processing head 8/8 (softmax output: 1.00) (accuracy 1.00)
Processing layer 10/10
  Processing head 1/8 (already deactivated, skipping)
  Processing head 2/8 (already deactivated, skipping)
  Processing head 3/8 (already deactivated, skipping)
  Processing head 4/8 (already deactivated, skipping)
  Processing head 5/8 (softmax output: 1.00) (accuracy 1.00)
  Processing head 6/8 (softmax output: 1.00) (accuracy 1.00)
  Processing head 7/8 (already deactivated, skipping)
  Processing head 8/8 (already deactivated, skipping)
Trial 37/10: Least influential head so far: (8, 2) with accuracy 1.00 and confidence 1.00 
Processing layer 1/10
  Processing head 1/8 (softmax output: 0.97) (accuracy 0.95)
  Processing head 2/8 (already deactivated, skipping)
  Processing head 3/8 (already deactivated, skipping)
  Processing head 4/8 (already deactivated, skipping)
  Processing head 5/8 (already deactivated, skipping)
  Processing head 6/8 (already deactivated, skipping)
  Processing head 7/8 (already deactivated, skipping)
  Processing head 8/8 (already deactivated, skipping)
Processing layer 2/10
  Processing head 1/8 (already deactivated, skipping)
  Processing head 2/8 (already deactivated, skipping)
  Processing head 3/8 (softmax output: 1.00) (accuracy 0.99)
  Processing head 4/8 (softmax output: 1.00) (accuracy 0.99)
  Processing head 5/8 (softmax output: 1.00) (accuracy 0.99)
  Processing head 6/8 (softmax output: 1.00) (accuracy 0.99)
  Processing head 7/8 (softmax output: 1.00) (accuracy 0.99)
  Processing head 8/8 (softmax output: 0.99) (accuracy 0.97)
Processing layer 3/10
  Processing head 1/8 (already deactivated, skipping)
  Processing head 2/8 (already deactivated, skipping)
  Processing head 3/8 (softmax output: 0.99) (accuracy 0.99)
  Processing head 4/8 (softmax output: 1.00) (accuracy 1.00)
  Processing head 5/8 (already deactivated, skipping)
  Processing head 6/8 (softmax output: 1.00) (accuracy 0.98)
  Processing head 7/8 (softmax output: 1.00) (accuracy 0.98)
  Processing head 8/8 (softmax output: 0.99) (accuracy 0.98)
Processing layer 4/10
  Processing head 1/8 (softmax output: 0.99) (accuracy 0.95)
  Processing head 2/8 (softmax output: 1.00) (accuracy 0.98)
  Processing head 3/8 (softmax output: 0.99) (accuracy 0.98)
  Processing head 4/8 (already deactivated, skipping)
  Processing head 5/8 (softmax output: 0.99) (accuracy 0.99)
  Processing head 6/8 (softmax output: 0.99) (accuracy 0.96)
  Processing head 7/8 (softmax output: 0.99) (accuracy 0.98)
  Processing head 8/8 (already deactivated, skipping)
Processing layer 5/10
  Processing head 1/8 (softmax output: 0.99) (accuracy 0.98)
  Processing head 2/8 (softmax output: 0.98) (accuracy 0.97)
  Processing head 3/8 (already deactivated, skipping)
  Processing head 4/8 (softmax output: 0.99) (accuracy 0.98)
  Processing head 5/8 (softmax output: 0.99) (accuracy 0.99)
  Processing head 6/8 (softmax output: 0.99) (accuracy 0.98)
  Processing head 7/8 (softmax output: 1.00) (accuracy 1.00)
  Processing head 8/8 (already deactivated, skipping)
Processing layer 6/10
  Processing head 1/8 (softmax output: 1.00) (accuracy 1.00)
  Processing head 2/8 (softmax output: 1.00) (accuracy 1.00)
  Processing head 3/8 (softmax output: 0.98) (accuracy 0.98)
  Processing head 4/8 (already deactivated, skipping)
  Processing head 5/8 (softmax output: 1.00) (accuracy 0.98)
  Processing head 6/8 (already deactivated, skipping)
  Processing head 7/8 (softmax output: 1.00) (accuracy 1.00)
  Processing head 8/8 (softmax output: 1.00) (accuracy 1.00)
Processing layer 7/10
  Processing head 1/8 (softmax output: 1.00) (accuracy 1.00)
  Processing head 2/8 (softmax output: 0.99) (accuracy 1.00)
  Processing head 3/8 (already deactivated, skipping)
  Processing head 4/8 (already deactivated, skipping)
  Processing head 5/8 (softmax output: 1.00) (accuracy 1.00)
  Processing head 6/8 (softmax output: 1.00) (accuracy 1.00)
  Processing head 7/8 (already deactivated, skipping)
  Processing head 8/8 (softmax output: 0.99) (accuracy 1.00)
Processing layer 8/10
  Processing head 1/8 (already deactivated, skipping)
  Processing head 2/8 (already deactivated, skipping)
  Processing head 3/8 (already deactivated, skipping)
  Processing head 4/8 (softmax output: 1.00) (accuracy 1.00)
  Processing head 5/8 (already deactivated, skipping)
  Processing head 6/8 (already deactivated, skipping)
  Processing head 7/8 (softmax output: 1.00) (accuracy 0.99)
  Processing head 8/8 (already deactivated, skipping)
Processing layer 9/10
  Processing head 1/8 (already deactivated, skipping)
  Processing head 2/8 (softmax output: 1.00) (accuracy 1.00)
  Processing head 3/8 (already deactivated, skipping)
  Processing head 4/8 (softmax output: 1.00) (accuracy 1.00)
  Processing head 5/8 (softmax output: 1.00) (accuracy 1.00)
  Processing head 6/8 (already deactivated, skipping)
  Processing head 7/8 (already deactivated, skipping)
  Processing head 8/8 (softmax output: 1.00) (accuracy 1.00)
Processing layer 10/10
  Processing head 1/8 (already deactivated, skipping)
  Processing head 2/8 (already deactivated, skipping)
  Processing head 3/8 (already deactivated, skipping)
  Processing head 4/8 (already deactivated, skipping)
  Processing head 5/8 (softmax output: 1.00) (accuracy 1.00)
  Processing head 6/8 (softmax output: 1.00) (accuracy 1.00)
  Processing head 7/8 (already deactivated, skipping)
  Processing head 8/8 (already deactivated, skipping)
Trial 38/10: Least influential head so far: (9, 5) with accuracy 1.00 and confidence 1.00 
Processing layer 1/10
  Processing head 1/8 (softmax output: 0.97) (accuracy 0.95)
  Processing head 2/8 (already deactivated, skipping)
  Processing head 3/8 (already deactivated, skipping)
  Processing head 4/8 (already deactivated, skipping)
  Processing head 5/8 (already deactivated, skipping)
  Processing head 6/8 (already deactivated, skipping)
  Processing head 7/8 (already deactivated, skipping)
  Processing head 8/8 (already deactivated, skipping)
Processing layer 2/10
  Processing head 1/8 (already deactivated, skipping)
  Processing head 2/8 (already deactivated, skipping)
  Processing head 3/8 (softmax output: 1.00) (accuracy 0.99)
  Processing head 4/8 (softmax output: 1.00) (accuracy 0.99)
  Processing head 5/8 (softmax output: 1.00) (accuracy 0.99)
  Processing head 6/8 (softmax output: 1.00) (accuracy 0.99)
  Processing head 7/8 (softmax output: 1.00) (accuracy 0.99)
  Processing head 8/8 (softmax output: 0.99) (accuracy 0.97)
Processing layer 3/10
  Processing head 1/8 (already deactivated, skipping)
  Processing head 2/8 (already deactivated, skipping)
  Processing head 3/8 (softmax output: 0.99) (accuracy 0.99)
  Processing head 4/8 (softmax output: 1.00) (accuracy 1.00)
  Processing head 5/8 (already deactivated, skipping)
  Processing head 6/8 (softmax output: 1.00) (accuracy 0.98)
  Processing head 7/8 (softmax output: 1.00) (accuracy 0.98)
  Processing head 8/8 (softmax output: 0.99) (accuracy 0.98)
Processing layer 4/10
  Processing head 1/8 (softmax output: 0.99) (accuracy 0.95)
  Processing head 2/8 (softmax output: 1.00) (accuracy 0.98)
  Processing head 3/8 (softmax output: 0.99) (accuracy 0.98)
  Processing head 4/8 (already deactivated, skipping)
  Processing head 5/8 (softmax output: 0.99) (accuracy 0.99)
  Processing head 6/8 (softmax output: 0.99) (accuracy 0.96)
  Processing head 7/8 (softmax output: 0.99) (accuracy 0.98)
  Processing head 8/8 (already deactivated, skipping)
Processing layer 5/10
  Processing head 1/8 (softmax output: 0.99) (accuracy 0.98)
  Processing head 2/8 (softmax output: 0.98) (accuracy 0.97)
  Processing head 3/8 (already deactivated, skipping)
  Processing head 4/8 (softmax output: 0.99) (accuracy 0.98)
  Processing head 5/8 (softmax output: 0.99) (accuracy 0.99)
  Processing head 6/8 (softmax output: 0.99) (accuracy 0.98)
  Processing head 7/8 (softmax output: 1.00) (accuracy 1.00)
  Processing head 8/8 (already deactivated, skipping)
Processing layer 6/10
  Processing head 1/8 (softmax output: 1.00) (accuracy 1.00)
  Processing head 2/8 (softmax output: 1.00) (accuracy 1.00)
  Processing head 3/8 (softmax output: 0.98) (accuracy 0.98)
  Processing head 4/8 (already deactivated, skipping)
  Processing head 5/8 (softmax output: 1.00) (accuracy 0.98)
  Processing head 6/8 (already deactivated, skipping)
  Processing head 7/8 (softmax output: 1.00) (accuracy 1.00)
  Processing head 8/8 (softmax output: 1.00) (accuracy 1.00)
Processing layer 7/10
  Processing head 1/8 (softmax output: 1.00) (accuracy 1.00)
  Processing head 2/8 (softmax output: 0.99) (accuracy 1.00)
  Processing head 3/8 (already deactivated, skipping)
  Processing head 4/8 (already deactivated, skipping)
  Processing head 5/8 (softmax output: 1.00) (accuracy 1.00)
  Processing head 6/8 (softmax output: 1.00) (accuracy 1.00)
  Processing head 7/8 (already deactivated, skipping)
  Processing head 8/8 (softmax output: 0.99) (accuracy 1.00)
Processing layer 8/10
  Processing head 1/8 (already deactivated, skipping)
  Processing head 2/8 (already deactivated, skipping)
  Processing head 3/8 (already deactivated, skipping)
  Processing head 4/8 (softmax output: 1.00) (accuracy 1.00)
  Processing head 5/8 (already deactivated, skipping)
  Processing head 6/8 (already deactivated, skipping)
  Processing head 7/8 (softmax output: 1.00) (accuracy 0.99)
  Processing head 8/8 (already deactivated, skipping)
Processing layer 9/10
  Processing head 1/8 (already deactivated, skipping)
  Processing head 2/8 (softmax output: 1.00) (accuracy 1.00)
  Processing head 3/8 (already deactivated, skipping)
  Processing head 4/8 (softmax output: 1.00) (accuracy 1.00)
  Processing head 5/8 (softmax output: 1.00) (accuracy 1.00)
  Processing head 6/8 (already deactivated, skipping)
  Processing head 7/8 (already deactivated, skipping)
  Processing head 8/8 (softmax output: 1.00) (accuracy 1.00)
Processing layer 10/10
  Processing head 1/8 (already deactivated, skipping)
  Processing head 2/8 (already deactivated, skipping)
  Processing head 3/8 (already deactivated, skipping)
  Processing head 4/8 (already deactivated, skipping)
  Processing head 5/8 (softmax output: 1.00) (accuracy 1.00)
  Processing head 6/8 (already deactivated, skipping)
  Processing head 7/8 (already deactivated, skipping)
  Processing head 8/8 (already deactivated, skipping)
Trial 39/10: Least influential head so far: (5, 1) with accuracy 1.00 and confidence 1.00 
Processing layer 1/10
  Processing head 1/8 (softmax output: 0.97) (accuracy 0.95)
  Processing head 2/8 (already deactivated, skipping)
  Processing head 3/8 (already deactivated, skipping)
  Processing head 4/8 (already deactivated, skipping)
  Processing head 5/8 (already deactivated, skipping)
  Processing head 6/8 (already deactivated, skipping)
  Processing head 7/8 (already deactivated, skipping)
  Processing head 8/8 (already deactivated, skipping)
Processing layer 2/10
  Processing head 1/8 (already deactivated, skipping)
  Processing head 2/8 (already deactivated, skipping)
  Processing head 3/8 (softmax output: 1.00) (accuracy 0.99)
  Processing head 4/8 (softmax output: 1.00) (accuracy 0.99)
  Processing head 5/8 (softmax output: 1.00) (accuracy 0.99)
  Processing head 6/8 (softmax output: 1.00) (accuracy 0.99)
  Processing head 7/8 (softmax output: 1.00) (accuracy 0.99)
  Processing head 8/8 (softmax output: 0.99) (accuracy 0.97)
Processing layer 3/10
  Processing head 1/8 (already deactivated, skipping)
  Processing head 2/8 (already deactivated, skipping)
  Processing head 3/8 (softmax output: 1.00) (accuracy 0.99)
  Processing head 4/8 (softmax output: 1.00) (accuracy 1.00)
  Processing head 5/8 (already deactivated, skipping)
  Processing head 6/8 (softmax output: 0.99) (accuracy 0.98)
  Processing head 7/8 (softmax output: 1.00) (accuracy 0.98)
  Processing head 8/8 (softmax output: 1.00) (accuracy 0.98)
Processing layer 4/10
  Processing head 1/8 (softmax output: 0.99) (accuracy 0.94)
  Processing head 2/8 (softmax output: 1.00) (accuracy 0.98)
  Processing head 3/8 (softmax output: 0.99) (accuracy 0.98)
  Processing head 4/8 (already deactivated, skipping)
  Processing head 5/8 (softmax output: 0.99) (accuracy 1.00)
  Processing head 6/8 (softmax output: 0.97) (accuracy 0.96)
  Processing head 7/8 (softmax output: 0.99) (accuracy 0.96)
  Processing head 8/8 (already deactivated, skipping)
Processing layer 5/10
  Processing head 1/8 (softmax output: 0.99) (accuracy 0.98)
  Processing head 2/8 (softmax output: 0.99) (accuracy 0.97)
  Processing head 3/8 (already deactivated, skipping)
  Processing head 4/8 (softmax output: 0.99) (accuracy 0.99)
  Processing head 5/8 (softmax output: 1.00) (accuracy 0.99)
  Processing head 6/8 (softmax output: 1.00) (accuracy 0.99)
  Processing head 7/8 (softmax output: 1.00) (accuracy 1.00)
  Processing head 8/8 (already deactivated, skipping)
Processing layer 6/10
  Processing head 1/8 (softmax output: 1.00) (accuracy 1.00)
  Processing head 2/8 (already deactivated, skipping)
  Processing head 3/8 (softmax output: 0.97) (accuracy 0.98)
  Processing head 4/8 (already deactivated, skipping)
  Processing head 5/8 (softmax output: 1.00) (accuracy 0.98)
  Processing head 6/8 (already deactivated, skipping)
  Processing head 7/8 (softmax output: 1.00) (accuracy 1.00)
  Processing head 8/8 (softmax output: 1.00) (accuracy 1.00)
Processing layer 7/10
  Processing head 1/8 (softmax output: 1.00) (accuracy 1.00)
  Processing head 2/8 (softmax output: 1.00) (accuracy 1.00)
  Processing head 3/8 (already deactivated, skipping)
  Processing head 4/8 (already deactivated, skipping)
  Processing head 5/8 (softmax output: 1.00) (accuracy 1.00)
  Processing head 6/8 (softmax output: 1.00) (accuracy 1.00)
  Processing head 7/8 (already deactivated, skipping)
  Processing head 8/8 (softmax output: 1.00) (accuracy 0.99)
Processing layer 8/10
  Processing head 1/8 (already deactivated, skipping)
  Processing head 2/8 (already deactivated, skipping)
  Processing head 3/8 (already deactivated, skipping)
  Processing head 4/8 (softmax output: 1.00) (accuracy 1.00)
  Processing head 5/8 (already deactivated, skipping)
  Processing head 6/8 (already deactivated, skipping)
  Processing head 7/8 (softmax output: 1.00) (accuracy 0.99)
  Processing head 8/8 (already deactivated, skipping)
Processing layer 9/10
  Processing head 1/8 (already deactivated, skipping)
  Processing head 2/8 (softmax output: 1.00) (accuracy 1.00)
  Processing head 3/8 (already deactivated, skipping)
  Processing head 4/8 (softmax output: 1.00) (accuracy 1.00)
  Processing head 5/8 (softmax output: 1.00) (accuracy 1.00)
  Processing head 6/8 (already deactivated, skipping)
  Processing head 7/8 (already deactivated, skipping)
  Processing head 8/8 (softmax output: 1.00) (accuracy 1.00)
Processing layer 10/10
  Processing head 1/8 (already deactivated, skipping)
  Processing head 2/8 (already deactivated, skipping)
  Processing head 3/8 (already deactivated, skipping)
  Processing head 4/8 (already deactivated, skipping)
  Processing head 5/8 (softmax output: 1.00) (accuracy 1.00)
  Processing head 6/8 (already deactivated, skipping)
  Processing head 7/8 (already deactivated, skipping)
  Processing head 8/8 (already deactivated, skipping)
Trial 40/10: Least influential head so far: (9, 4) with accuracy 1.00 and confidence 1.00 
Processing layer 1/10
  Processing head 1/8 (softmax output: 0.97) (accuracy 0.95)
  Processing head 2/8 (already deactivated, skipping)
  Processing head 3/8 (already deactivated, skipping)
  Processing head 4/8 (already deactivated, skipping)
  Processing head 5/8 (already deactivated, skipping)
  Processing head 6/8 (already deactivated, skipping)
  Processing head 7/8 (already deactivated, skipping)
  Processing head 8/8 (already deactivated, skipping)
Processing layer 2/10
  Processing head 1/8 (already deactivated, skipping)
  Processing head 2/8 (already deactivated, skipping)
  Processing head 3/8 (softmax output: 1.00) (accuracy 0.99)
  Processing head 4/8 (softmax output: 1.00) (accuracy 0.99)
  Processing head 5/8 (softmax output: 1.00) (accuracy 0.99)
  Processing head 6/8 (softmax output: 1.00) (accuracy 0.99)
  Processing head 7/8 (softmax output: 1.00) (accuracy 0.99)
  Processing head 8/8 (softmax output: 0.99) (accuracy 0.97)
Processing layer 3/10
  Processing head 1/8 (already deactivated, skipping)
  Processing head 2/8 (already deactivated, skipping)
  Processing head 3/8 (softmax output: 1.00) (accuracy 0.99)
  Processing head 4/8 (softmax output: 1.00) (accuracy 1.00)
  Processing head 5/8 (already deactivated, skipping)
  Processing head 6/8 (softmax output: 0.99) (accuracy 0.98)
  Processing head 7/8 (softmax output: 1.00) (accuracy 0.98)
  Processing head 8/8 (softmax output: 1.00) (accuracy 0.98)
Processing layer 4/10
  Processing head 1/8 (softmax output: 0.99) (accuracy 0.94)
  Processing head 2/8 (softmax output: 1.00) (accuracy 0.98)
  Processing head 3/8 (softmax output: 0.99) (accuracy 0.98)
  Processing head 4/8 (already deactivated, skipping)
  Processing head 5/8 (softmax output: 0.99) (accuracy 1.00)
  Processing head 6/8 (softmax output: 0.97) (accuracy 0.96)
  Processing head 7/8 (softmax output: 0.99) (accuracy 0.96)
  Processing head 8/8 (already deactivated, skipping)
Processing layer 5/10
  Processing head 1/8 (softmax output: 0.99) (accuracy 0.98)
  Processing head 2/8 (softmax output: 0.99) (accuracy 0.97)
  Processing head 3/8 (already deactivated, skipping)
  Processing head 4/8 (softmax output: 0.99) (accuracy 0.99)
  Processing head 5/8 (softmax output: 1.00) (accuracy 0.99)
  Processing head 6/8 (softmax output: 1.00) (accuracy 0.99)
  Processing head 7/8 (softmax output: 1.00) (accuracy 1.00)
  Processing head 8/8 (already deactivated, skipping)
Processing layer 6/10
  Processing head 1/8 (softmax output: 1.00) (accuracy 1.00)
  Processing head 2/8 (already deactivated, skipping)
  Processing head 3/8 (softmax output: 0.97) (accuracy 0.98)
  Processing head 4/8 (already deactivated, skipping)
  Processing head 5/8 (softmax output: 1.00) (accuracy 0.98)
  Processing head 6/8 (already deactivated, skipping)
  Processing head 7/8 (softmax output: 1.00) (accuracy 1.00)
  Processing head 8/8 (softmax output: 1.00) (accuracy 1.00)
Processing layer 7/10
  Processing head 1/8 (softmax output: 1.00) (accuracy 1.00)
  Processing head 2/8 (softmax output: 1.00) (accuracy 1.00)
  Processing head 3/8 (already deactivated, skipping)
  Processing head 4/8 (already deactivated, skipping)
  Processing head 5/8 (softmax output: 1.00) (accuracy 1.00)
  Processing head 6/8 (softmax output: 1.00) (accuracy 1.00)
  Processing head 7/8 (already deactivated, skipping)
  Processing head 8/8 (softmax output: 1.00) (accuracy 0.99)
Processing layer 8/10
  Processing head 1/8 (already deactivated, skipping)
  Processing head 2/8 (already deactivated, skipping)
  Processing head 3/8 (already deactivated, skipping)
  Processing head 4/8 (softmax output: 1.00) (accuracy 1.00)
  Processing head 5/8 (already deactivated, skipping)
  Processing head 6/8 (already deactivated, skipping)
  Processing head 7/8 (softmax output: 1.00) (accuracy 0.99)
  Processing head 8/8 (already deactivated, skipping)
Processing layer 9/10
  Processing head 1/8 (already deactivated, skipping)
  Processing head 2/8 (softmax output: 1.00) (accuracy 1.00)
  Processing head 3/8 (already deactivated, skipping)
  Processing head 4/8 (softmax output: 1.00) (accuracy 1.00)
  Processing head 5/8 (softmax output: 1.00) (accuracy 1.00)
  Processing head 6/8 (already deactivated, skipping)
  Processing head 7/8 (already deactivated, skipping)
  Processing head 8/8 (softmax output: 1.00) (accuracy 1.00)
Processing layer 10/10
  Processing head 1/8 (already deactivated, skipping)
  Processing head 2/8 (already deactivated, skipping)
  Processing head 3/8 (already deactivated, skipping)
  Processing head 4/8 (already deactivated, skipping)
  Processing head 5/8 (already deactivated, skipping)
  Processing head 6/8 (already deactivated, skipping)
  Processing head 7/8 (already deactivated, skipping)
  Processing head 8/8 (already deactivated, skipping)
Trial 41/10: Least influential head so far: (8, 7) with accuracy 1.00 and confidence 1.00 
Processing layer 1/10
  Processing head 1/8 (softmax output: 0.97) (accuracy 0.95)
  Processing head 2/8 (already deactivated, skipping)
  Processing head 3/8 (already deactivated, skipping)
  Processing head 4/8 (already deactivated, skipping)
  Processing head 5/8 (already deactivated, skipping)
  Processing head 6/8 (already deactivated, skipping)
  Processing head 7/8 (already deactivated, skipping)
  Processing head 8/8 (already deactivated, skipping)
Processing layer 2/10
  Processing head 1/8 (already deactivated, skipping)
  Processing head 2/8 (already deactivated, skipping)
  Processing head 3/8 (softmax output: 1.00) (accuracy 0.99)
  Processing head 4/8 (softmax output: 1.00) (accuracy 0.99)
  Processing head 5/8 (softmax output: 1.00) (accuracy 0.99)
  Processing head 6/8 (softmax output: 1.00) (accuracy 0.99)
  Processing head 7/8 (softmax output: 1.00) (accuracy 0.99)
  Processing head 8/8 (softmax output: 1.00) (accuracy 0.97)
Processing layer 3/10
  Processing head 1/8 (already deactivated, skipping)
  Processing head 2/8 (already deactivated, skipping)
  Processing head 3/8 (softmax output: 0.99) (accuracy 0.98)
  Processing head 4/8 (softmax output: 1.00) (accuracy 1.00)
  Processing head 5/8 (already deactivated, skipping)
  Processing head 6/8 (softmax output: 0.99) (accuracy 0.97)
  Processing head 7/8 (softmax output: 0.99) (accuracy 0.99)
  Processing head 8/8 (softmax output: 0.99) (accuracy 0.97)
Processing layer 4/10
  Processing head 1/8 (softmax output: 0.98) (accuracy 0.92)
  Processing head 2/8 (softmax output: 1.00) (accuracy 0.98)
  Processing head 3/8 (softmax output: 1.00) (accuracy 0.98)
  Processing head 4/8 (already deactivated, skipping)
  Processing head 5/8 (softmax output: 0.99) (accuracy 0.99)
  Processing head 6/8 (softmax output: 0.97) (accuracy 0.94)
  Processing head 7/8 (softmax output: 0.98) (accuracy 0.97)
  Processing head 8/8 (already deactivated, skipping)
Processing layer 5/10
  Processing head 1/8 (softmax output: 0.99) (accuracy 0.97)
  Processing head 2/8 (softmax output: 0.99) (accuracy 0.98)
  Processing head 3/8 (already deactivated, skipping)
  Processing head 4/8 (softmax output: 0.99) (accuracy 0.99)
  Processing head 5/8 (softmax output: 0.99) (accuracy 1.00)
  Processing head 6/8 (softmax output: 1.00) (accuracy 1.00)
  Processing head 7/8 (softmax output: 1.00) (accuracy 1.00)
  Processing head 8/8 (already deactivated, skipping)
Processing layer 6/10
  Processing head 1/8 (softmax output: 1.00) (accuracy 1.00)
  Processing head 2/8 (already deactivated, skipping)
  Processing head 3/8 (softmax output: 0.98) (accuracy 0.97)
  Processing head 4/8 (already deactivated, skipping)
  Processing head 5/8 (softmax output: 1.00) (accuracy 0.98)
  Processing head 6/8 (already deactivated, skipping)
  Processing head 7/8 (softmax output: 1.00) (accuracy 1.00)
  Processing head 8/8 (softmax output: 1.00) (accuracy 0.99)
Processing layer 7/10
  Processing head 1/8 (softmax output: 1.00) (accuracy 1.00)
  Processing head 2/8 (softmax output: 1.00) (accuracy 1.00)
  Processing head 3/8 (already deactivated, skipping)
  Processing head 4/8 (already deactivated, skipping)
  Processing head 5/8 (softmax output: 1.00) (accuracy 1.00)
  Processing head 6/8 (softmax output: 1.00) (accuracy 1.00)
  Processing head 7/8 (already deactivated, skipping)
  Processing head 8/8 (softmax output: 0.99) (accuracy 1.00)
Processing layer 8/10
  Processing head 1/8 (already deactivated, skipping)
  Processing head 2/8 (already deactivated, skipping)
  Processing head 3/8 (already deactivated, skipping)
  Processing head 4/8 (softmax output: 1.00) (accuracy 1.00)
  Processing head 5/8 (already deactivated, skipping)
  Processing head 6/8 (already deactivated, skipping)
  Processing head 7/8 (softmax output: 1.00) (accuracy 1.00)
  Processing head 8/8 (already deactivated, skipping)
Processing layer 9/10
  Processing head 1/8 (already deactivated, skipping)
  Processing head 2/8 (softmax output: 1.00) (accuracy 1.00)
  Processing head 3/8 (already deactivated, skipping)
  Processing head 4/8 (softmax output: 1.00) (accuracy 1.00)
  Processing head 5/8 (softmax output: 1.00) (accuracy 1.00)
  Processing head 6/8 (already deactivated, skipping)
  Processing head 7/8 (already deactivated, skipping)
  Processing head 8/8 (already deactivated, skipping)
Processing layer 10/10
  Processing head 1/8 (already deactivated, skipping)
  Processing head 2/8 (already deactivated, skipping)
  Processing head 3/8 (already deactivated, skipping)
  Processing head 4/8 (already deactivated, skipping)
  Processing head 5/8 (already deactivated, skipping)
  Processing head 6/8 (already deactivated, skipping)
  Processing head 7/8 (already deactivated, skipping)
  Processing head 8/8 (already deactivated, skipping)
Trial 42/10: Least influential head so far: (5, 6) with accuracy 1.00 and confidence 1.00 
Processing layer 1/10
  Processing head 1/8 (softmax output: 0.98) (accuracy 0.96)
  Processing head 2/8 (already deactivated, skipping)
  Processing head 3/8 (already deactivated, skipping)
  Processing head 4/8 (already deactivated, skipping)
  Processing head 5/8 (already deactivated, skipping)
  Processing head 6/8 (already deactivated, skipping)
  Processing head 7/8 (already deactivated, skipping)
  Processing head 8/8 (already deactivated, skipping)
Processing layer 2/10
  Processing head 1/8 (already deactivated, skipping)
  Processing head 2/8 (already deactivated, skipping)
  Processing head 3/8 (softmax output: 1.00) (accuracy 0.99)
  Processing head 4/8 (softmax output: 1.00) (accuracy 0.99)
  Processing head 5/8 (softmax output: 1.00) (accuracy 0.99)
  Processing head 6/8 (softmax output: 1.00) (accuracy 1.00)
  Processing head 7/8 (softmax output: 1.00) (accuracy 0.99)
  Processing head 8/8 (softmax output: 0.99) (accuracy 0.98)
Processing layer 3/10
  Processing head 1/8 (already deactivated, skipping)
  Processing head 2/8 (already deactivated, skipping)
  Processing head 3/8 (softmax output: 0.99) (accuracy 0.99)
  Processing head 4/8 (softmax output: 1.00) (accuracy 1.00)
  Processing head 5/8 (already deactivated, skipping)
  Processing head 6/8 (softmax output: 0.99) (accuracy 0.97)
  Processing head 7/8 (softmax output: 0.99) (accuracy 0.99)
  Processing head 8/8 (softmax output: 0.98) (accuracy 0.95)
Processing layer 4/10
  Processing head 1/8 (softmax output: 0.98) (accuracy 0.91)
  Processing head 2/8 (softmax output: 1.00) (accuracy 0.98)
  Processing head 3/8 (softmax output: 1.00) (accuracy 0.99)
  Processing head 4/8 (already deactivated, skipping)
  Processing head 5/8 (softmax output: 0.99) (accuracy 0.98)
  Processing head 6/8 (softmax output: 0.99) (accuracy 0.95)
  Processing head 7/8 (softmax output: 0.99) (accuracy 0.96)
  Processing head 8/8 (already deactivated, skipping)
Processing layer 5/10
  Processing head 1/8 (softmax output: 0.99) (accuracy 0.98)
  Processing head 2/8 (softmax output: 0.99) (accuracy 0.97)
  Processing head 3/8 (already deactivated, skipping)
  Processing head 4/8 (softmax output: 1.00) (accuracy 0.99)
  Processing head 5/8 (softmax output: 0.99) (accuracy 0.98)
  Processing head 6/8 (softmax output: 0.99) (accuracy 0.98)
  Processing head 7/8 (softmax output: 1.00) (accuracy 1.00)
  Processing head 8/8 (already deactivated, skipping)
Processing layer 6/10
  Processing head 1/8 (softmax output: 0.99) (accuracy 0.99)
  Processing head 2/8 (already deactivated, skipping)
  Processing head 3/8 (softmax output: 0.98) (accuracy 0.96)
  Processing head 4/8 (already deactivated, skipping)
  Processing head 5/8 (softmax output: 1.00) (accuracy 0.98)
  Processing head 6/8 (already deactivated, skipping)
  Processing head 7/8 (already deactivated, skipping)
  Processing head 8/8 (softmax output: 1.00) (accuracy 1.00)
Processing layer 7/10
  Processing head 1/8 (softmax output: 1.00) (accuracy 1.00)
  Processing head 2/8 (softmax output: 1.00) (accuracy 1.00)
  Processing head 3/8 (already deactivated, skipping)
  Processing head 4/8 (already deactivated, skipping)
  Processing head 5/8 (softmax output: 1.00) (accuracy 1.00)
  Processing head 6/8 (softmax output: 1.00) (accuracy 1.00)
  Processing head 7/8 (already deactivated, skipping)
  Processing head 8/8 (softmax output: 1.00) (accuracy 1.00)
Processing layer 8/10
  Processing head 1/8 (already deactivated, skipping)
  Processing head 2/8 (already deactivated, skipping)
  Processing head 3/8 (already deactivated, skipping)
  Processing head 4/8 (softmax output: 0.99) (accuracy 1.00)
  Processing head 5/8 (already deactivated, skipping)
  Processing head 6/8 (already deactivated, skipping)
  Processing head 7/8 (softmax output: 1.00) (accuracy 1.00)
  Processing head 8/8 (already deactivated, skipping)
Processing layer 9/10
  Processing head 1/8 (already deactivated, skipping)
  Processing head 2/8 (softmax output: 1.00) (accuracy 1.00)
  Processing head 3/8 (already deactivated, skipping)
  Processing head 4/8 (softmax output: 1.00) (accuracy 1.00)
  Processing head 5/8 (softmax output: 1.00) (accuracy 1.00)
  Processing head 6/8 (already deactivated, skipping)
  Processing head 7/8 (already deactivated, skipping)
  Processing head 8/8 (already deactivated, skipping)
Processing layer 10/10
  Processing head 1/8 (already deactivated, skipping)
  Processing head 2/8 (already deactivated, skipping)
  Processing head 3/8 (already deactivated, skipping)
  Processing head 4/8 (already deactivated, skipping)
  Processing head 5/8 (already deactivated, skipping)
  Processing head 6/8 (already deactivated, skipping)
  Processing head 7/8 (already deactivated, skipping)
  Processing head 8/8 (already deactivated, skipping)
Trial 43/10: Least influential head so far: (8, 3) with accuracy 1.00 and confidence 1.00 
Processing layer 1/10
  Processing head 1/8 (softmax output: 0.99) (accuracy 0.97)
  Processing head 2/8 (already deactivated, skipping)
  Processing head 3/8 (already deactivated, skipping)
  Processing head 4/8 (already deactivated, skipping)
  Processing head 5/8 (already deactivated, skipping)
  Processing head 6/8 (already deactivated, skipping)
  Processing head 7/8 (already deactivated, skipping)
  Processing head 8/8 (already deactivated, skipping)
Processing layer 2/10
  Processing head 1/8 (already deactivated, skipping)
  Processing head 2/8 (already deactivated, skipping)
  Processing head 3/8 (softmax output: 0.99) (accuracy 0.99)
  Processing head 4/8 (softmax output: 1.00) (accuracy 0.99)
  Processing head 5/8 (softmax output: 0.99) (accuracy 0.99)
  Processing head 6/8 (softmax output: 0.99) (accuracy 0.99)
  Processing head 7/8 (softmax output: 1.00) (accuracy 1.00)
  Processing head 8/8 (softmax output: 0.99) (accuracy 0.97)
Processing layer 3/10
  Processing head 1/8 (already deactivated, skipping)
  Processing head 2/8 (already deactivated, skipping)
  Processing head 3/8 (softmax output: 1.00) (accuracy 1.00)
  Processing head 4/8 (softmax output: 0.99) (accuracy 0.98)
  Processing head 5/8 (already deactivated, skipping)
  Processing head 6/8 (softmax output: 0.99) (accuracy 0.98)
  Processing head 7/8 (softmax output: 1.00) (accuracy 0.96)
  Processing head 8/8 (softmax output: 0.99) (accuracy 0.94)
Processing layer 4/10
  Processing head 1/8 (softmax output: 0.99) (accuracy 0.93)
  Processing head 2/8 (softmax output: 1.00) (accuracy 0.98)
  Processing head 3/8 (softmax output: 1.00) (accuracy 0.99)
  Processing head 4/8 (already deactivated, skipping)
  Processing head 5/8 (softmax output: 1.00) (accuracy 0.97)
  Processing head 6/8 (softmax output: 0.99) (accuracy 0.93)
  Processing head 7/8 (softmax output: 0.99) (accuracy 0.96)
  Processing head 8/8 (already deactivated, skipping)
Processing layer 5/10
  Processing head 1/8 (softmax output: 0.99) (accuracy 0.96)
  Processing head 2/8 (softmax output: 0.99) (accuracy 0.98)
  Processing head 3/8 (already deactivated, skipping)
  Processing head 4/8 (softmax output: 0.99) (accuracy 0.99)
  Processing head 5/8 (softmax output: 0.99) (accuracy 1.00)
  Processing head 6/8 (softmax output: 1.00) (accuracy 1.00)
  Processing head 7/8 (softmax output: 1.00) (accuracy 1.00)
  Processing head 8/8 (already deactivated, skipping)
Processing layer 6/10
  Processing head 1/8 (softmax output: 1.00) (accuracy 0.99)
  Processing head 2/8 (already deactivated, skipping)
  Processing head 3/8 (softmax output: 0.98) (accuracy 0.94)
  Processing head 4/8 (already deactivated, skipping)
  Processing head 5/8 (softmax output: 1.00) (accuracy 0.98)
  Processing head 6/8 (already deactivated, skipping)
  Processing head 7/8 (already deactivated, skipping)
  Processing head 8/8 (softmax output: 1.00) (accuracy 1.00)
Processing layer 7/10
  Processing head 1/8 (softmax output: 0.99) (accuracy 0.98)
  Processing head 2/8 (softmax output: 0.99) (accuracy 0.99)
  Processing head 3/8 (already deactivated, skipping)
  Processing head 4/8 (already deactivated, skipping)
  Processing head 5/8 (softmax output: 1.00) (accuracy 1.00)
  Processing head 6/8 (softmax output: 1.00) (accuracy 0.99)
  Processing head 7/8 (already deactivated, skipping)
  Processing head 8/8 (softmax output: 1.00) (accuracy 0.99)
Processing layer 8/10
  Processing head 1/8 (already deactivated, skipping)
  Processing head 2/8 (already deactivated, skipping)
  Processing head 3/8 (already deactivated, skipping)
  Processing head 4/8 (softmax output: 1.00) (accuracy 1.00)
  Processing head 5/8 (already deactivated, skipping)
  Processing head 6/8 (already deactivated, skipping)
  Processing head 7/8 (softmax output: 1.00) (accuracy 1.00)
  Processing head 8/8 (already deactivated, skipping)
Processing layer 9/10
  Processing head 1/8 (already deactivated, skipping)
  Processing head 2/8 (softmax output: 1.00) (accuracy 1.00)
  Processing head 3/8 (already deactivated, skipping)
  Processing head 4/8 (already deactivated, skipping)
  Processing head 5/8 (softmax output: 1.00) (accuracy 1.00)
  Processing head 6/8 (already deactivated, skipping)
  Processing head 7/8 (already deactivated, skipping)
  Processing head 8/8 (already deactivated, skipping)
Processing layer 10/10
  Processing head 1/8 (already deactivated, skipping)
  Processing head 2/8 (already deactivated, skipping)
  Processing head 3/8 (already deactivated, skipping)
  Processing head 4/8 (already deactivated, skipping)
  Processing head 5/8 (already deactivated, skipping)
  Processing head 6/8 (already deactivated, skipping)
  Processing head 7/8 (already deactivated, skipping)
  Processing head 8/8 (already deactivated, skipping)
Trial 44/10: Least influential head so far: (8, 4) with accuracy 1.00 and confidence 1.00 
Processing layer 1/10
  Processing head 1/8 (softmax output: 0.98) (accuracy 0.96)
  Processing head 2/8 (already deactivated, skipping)
  Processing head 3/8 (already deactivated, skipping)
  Processing head 4/8 (already deactivated, skipping)
  Processing head 5/8 (already deactivated, skipping)
  Processing head 6/8 (already deactivated, skipping)
  Processing head 7/8 (already deactivated, skipping)
  Processing head 8/8 (already deactivated, skipping)
Processing layer 2/10
  Processing head 1/8 (already deactivated, skipping)
  Processing head 2/8 (already deactivated, skipping)
  Processing head 3/8 (softmax output: 1.00) (accuracy 0.99)
  Processing head 4/8 (softmax output: 1.00) (accuracy 0.99)
  Processing head 5/8 (softmax output: 1.00) (accuracy 0.99)
  Processing head 6/8 (softmax output: 1.00) (accuracy 1.00)
  Processing head 7/8 (softmax output: 1.00) (accuracy 0.99)
  Processing head 8/8 (softmax output: 0.99) (accuracy 0.98)
Processing layer 3/10
  Processing head 1/8 (already deactivated, skipping)
  Processing head 2/8 (already deactivated, skipping)
  Processing head 3/8 (softmax output: 0.99) (accuracy 0.99)
  Processing head 4/8 (softmax output: 1.00) (accuracy 1.00)
  Processing head 5/8 (already deactivated, skipping)
  Processing head 6/8 (softmax output: 0.99) (accuracy 0.97)
  Processing head 7/8 (softmax output: 0.99) (accuracy 0.99)
  Processing head 8/8 (softmax output: 0.98) (accuracy 0.95)
Processing layer 4/10
  Processing head 1/8 (softmax output: 0.98) (accuracy 0.91)
  Processing head 2/8 (softmax output: 1.00) (accuracy 0.98)
  Processing head 3/8 (softmax output: 1.00) (accuracy 0.99)
  Processing head 4/8 (already deactivated, skipping)
  Processing head 5/8 (softmax output: 0.99) (accuracy 0.98)
  Processing head 6/8 (softmax output: 0.99) (accuracy 0.95)
  Processing head 7/8 (softmax output: 0.99) (accuracy 0.96)
  Processing head 8/8 (already deactivated, skipping)
Processing layer 5/10
  Processing head 1/8 (softmax output: 0.99) (accuracy 0.98)
  Processing head 2/8 (softmax output: 0.99) (accuracy 0.97)
  Processing head 3/8 (already deactivated, skipping)
  Processing head 4/8 (softmax output: 1.00) (accuracy 0.99)
  Processing head 5/8 (softmax output: 0.99) (accuracy 0.98)
  Processing head 6/8 (softmax output: 0.99) (accuracy 0.98)
  Processing head 7/8 (softmax output: 1.00) (accuracy 1.00)
  Processing head 8/8 (already deactivated, skipping)
Processing layer 6/10
  Processing head 1/8 (softmax output: 0.99) (accuracy 0.99)
  Processing head 2/8 (already deactivated, skipping)
  Processing head 3/8 (softmax output: 0.98) (accuracy 0.96)
  Processing head 4/8 (already deactivated, skipping)
  Processing head 5/8 (softmax output: 1.00) (accuracy 0.98)
  Processing head 6/8 (already deactivated, skipping)
  Processing head 7/8 (already deactivated, skipping)
  Processing head 8/8 (softmax output: 1.00) (accuracy 1.00)
Processing layer 7/10
  Processing head 1/8 (softmax output: 1.00) (accuracy 1.00)
  Processing head 2/8 (softmax output: 1.00) (accuracy 1.00)
  Processing head 3/8 (already deactivated, skipping)
  Processing head 4/8 (already deactivated, skipping)
  Processing head 5/8 (softmax output: 1.00) (accuracy 1.00)
  Processing head 6/8 (softmax output: 1.00) (accuracy 1.00)
  Processing head 7/8 (already deactivated, skipping)
  Processing head 8/8 (softmax output: 1.00) (accuracy 1.00)
Processing layer 8/10
  Processing head 1/8 (already deactivated, skipping)
  Processing head 2/8 (already deactivated, skipping)
  Processing head 3/8 (already deactivated, skipping)
  Processing head 4/8 (softmax output: 0.99) (accuracy 1.00)
  Processing head 5/8 (already deactivated, skipping)
  Processing head 6/8 (already deactivated, skipping)
  Processing head 7/8 (softmax output: 1.00) (accuracy 1.00)
  Processing head 8/8 (already deactivated, skipping)
Processing layer 9/10
  Processing head 1/8 (already deactivated, skipping)
  Processing head 2/8 (softmax output: 1.00) (accuracy 1.00)
  Processing head 3/8 (already deactivated, skipping)
  Processing head 4/8 (already deactivated, skipping)
  Processing head 5/8 (already deactivated, skipping)
  Processing head 6/8 (already deactivated, skipping)
  Processing head 7/8 (already deactivated, skipping)
  Processing head 8/8 (already deactivated, skipping)
Processing layer 10/10
  Processing head 1/8 (already deactivated, skipping)
  Processing head 2/8 (already deactivated, skipping)
  Processing head 3/8 (already deactivated, skipping)
  Processing head 4/8 (already deactivated, skipping)
  Processing head 5/8 (already deactivated, skipping)
  Processing head 6/8 (already deactivated, skipping)
  Processing head 7/8 (already deactivated, skipping)
  Processing head 8/8 (already deactivated, skipping)
Trial 45/10: Least influential head so far: (7, 6) with accuracy 1.00 and confidence 1.00 
Processing layer 1/10
  Processing head 1/8 (softmax output: 0.98) (accuracy 0.97)
  Processing head 2/8 (already deactivated, skipping)
  Processing head 3/8 (already deactivated, skipping)
  Processing head 4/8 (already deactivated, skipping)
  Processing head 5/8 (already deactivated, skipping)
  Processing head 6/8 (already deactivated, skipping)
  Processing head 7/8 (already deactivated, skipping)
  Processing head 8/8 (already deactivated, skipping)
Processing layer 2/10
  Processing head 1/8 (already deactivated, skipping)
  Processing head 2/8 (already deactivated, skipping)
  Processing head 3/8 (softmax output: 0.99) (accuracy 0.99)
  Processing head 4/8 (softmax output: 1.00) (accuracy 1.00)
  Processing head 5/8 (softmax output: 1.00) (accuracy 1.00)
  Processing head 6/8 (softmax output: 1.00) (accuracy 1.00)
  Processing head 7/8 (softmax output: 1.00) (accuracy 1.00)
  Processing head 8/8 (softmax output: 0.99) (accuracy 0.97)
Processing layer 3/10
  Processing head 1/8 (already deactivated, skipping)
  Processing head 2/8 (already deactivated, skipping)
  Processing head 3/8 (softmax output: 1.00) (accuracy 0.99)
  Processing head 4/8 (softmax output: 0.99) (accuracy 1.00)
  Processing head 5/8 (already deactivated, skipping)
  Processing head 6/8 (softmax output: 0.99) (accuracy 0.96)
  Processing head 7/8 (softmax output: 1.00) (accuracy 0.97)
  Processing head 8/8 (softmax output: 0.98) (accuracy 0.93)
Processing layer 4/10
  Processing head 1/8 (softmax output: 0.98) (accuracy 0.94)
  Processing head 2/8 (softmax output: 1.00) (accuracy 0.98)
  Processing head 3/8 (softmax output: 0.99) (accuracy 0.98)
  Processing head 4/8 (already deactivated, skipping)
  Processing head 5/8 (softmax output: 0.99) (accuracy 0.97)
  Processing head 6/8 (softmax output: 0.98) (accuracy 0.91)
  Processing head 7/8 (softmax output: 0.99) (accuracy 0.96)
  Processing head 8/8 (already deactivated, skipping)
Processing layer 5/10
  Processing head 1/8 (softmax output: 0.98) (accuracy 0.98)
  Processing head 2/8 (softmax output: 0.99) (accuracy 0.99)
  Processing head 3/8 (already deactivated, skipping)
  Processing head 4/8 (softmax output: 0.99) (accuracy 0.99)
  Processing head 5/8 (softmax output: 0.99) (accuracy 0.98)
  Processing head 6/8 (softmax output: 1.00) (accuracy 0.98)
  Processing head 7/8 (softmax output: 1.00) (accuracy 1.00)
  Processing head 8/8 (already deactivated, skipping)
Processing layer 6/10
  Processing head 1/8 (softmax output: 1.00) (accuracy 0.99)
  Processing head 2/8 (already deactivated, skipping)
  Processing head 3/8 (softmax output: 1.00) (accuracy 0.99)
  Processing head 4/8 (already deactivated, skipping)
  Processing head 5/8 (softmax output: 0.99) (accuracy 0.98)
  Processing head 6/8 (already deactivated, skipping)
  Processing head 7/8 (already deactivated, skipping)
  Processing head 8/8 (softmax output: 0.99) (accuracy 1.00)
Processing layer 7/10
  Processing head 1/8 (softmax output: 1.00) (accuracy 0.99)
  Processing head 2/8 (softmax output: 0.99) (accuracy 0.99)
  Processing head 3/8 (already deactivated, skipping)
  Processing head 4/8 (already deactivated, skipping)
  Processing head 5/8 (softmax output: 1.00) (accuracy 1.00)
  Processing head 6/8 (softmax output: 1.00) (accuracy 0.99)
  Processing head 7/8 (already deactivated, skipping)
  Processing head 8/8 (softmax output: 1.00) (accuracy 0.98)
Processing layer 8/10
  Processing head 1/8 (already deactivated, skipping)
  Processing head 2/8 (already deactivated, skipping)
  Processing head 3/8 (already deactivated, skipping)
  Processing head 4/8 (softmax output: 1.00) (accuracy 1.00)
  Processing head 5/8 (already deactivated, skipping)
  Processing head 6/8 (already deactivated, skipping)
  Processing head 7/8 (already deactivated, skipping)
  Processing head 8/8 (already deactivated, skipping)
Processing layer 9/10
  Processing head 1/8 (already deactivated, skipping)
  Processing head 2/8 (softmax output: 1.00) (accuracy 1.00)
  Processing head 3/8 (already deactivated, skipping)
  Processing head 4/8 (already deactivated, skipping)
  Processing head 5/8 (already deactivated, skipping)
  Processing head 6/8 (already deactivated, skipping)
  Processing head 7/8 (already deactivated, skipping)
  Processing head 8/8 (already deactivated, skipping)
Processing layer 10/10
  Processing head 1/8 (already deactivated, skipping)
  Processing head 2/8 (already deactivated, skipping)
  Processing head 3/8 (already deactivated, skipping)
  Processing head 4/8 (already deactivated, skipping)
  Processing head 5/8 (already deactivated, skipping)
  Processing head 6/8 (already deactivated, skipping)
  Processing head 7/8 (already deactivated, skipping)
  Processing head 8/8 (already deactivated, skipping)
Trial 46/10: Least influential head so far: (7, 3) with accuracy 1.00 and confidence 1.00 
Processing layer 1/10
  Processing head 1/8 (softmax output: 0.97) (accuracy 0.87)
  Processing head 2/8 (already deactivated, skipping)
  Processing head 3/8 (already deactivated, skipping)
  Processing head 4/8 (already deactivated, skipping)
  Processing head 5/8 (already deactivated, skipping)
  Processing head 6/8 (already deactivated, skipping)
  Processing head 7/8 (already deactivated, skipping)
  Processing head 8/8 (already deactivated, skipping)
Processing layer 2/10
  Processing head 1/8 (already deactivated, skipping)
  Processing head 2/8 (already deactivated, skipping)
  Processing head 3/8 (softmax output: 0.99) (accuracy 0.99)
  Processing head 4/8 (softmax output: 0.99) (accuracy 0.99)
  Processing head 5/8 (softmax output: 0.99) (accuracy 0.99)
  Processing head 6/8 (softmax output: 0.99) (accuracy 1.00)
  Processing head 7/8 (softmax output: 1.00) (accuracy 1.00)
  Processing head 8/8 (softmax output: 0.99) (accuracy 0.98)
Processing layer 3/10
  Processing head 1/8 (already deactivated, skipping)
  Processing head 2/8 (already deactivated, skipping)
  Processing head 3/8 (softmax output: 0.99) (accuracy 0.99)
  Processing head 4/8 (softmax output: 1.00) (accuracy 0.99)
  Processing head 5/8 (already deactivated, skipping)
  Processing head 6/8 (softmax output: 0.99) (accuracy 0.93)
  Processing head 7/8 (softmax output: 1.00) (accuracy 0.97)
  Processing head 8/8 (softmax output: 0.99) (accuracy 0.95)
Processing layer 4/10
  Processing head 1/8 (softmax output: 0.99) (accuracy 0.95)
  Processing head 2/8 (softmax output: 0.99) (accuracy 0.97)
  Processing head 3/8 (softmax output: 0.98) (accuracy 0.97)
  Processing head 4/8 (already deactivated, skipping)
  Processing head 5/8 (softmax output: 0.99) (accuracy 0.97)
  Processing head 6/8 (softmax output: 0.98) (accuracy 0.95)
  Processing head 7/8 (softmax output: 0.99) (accuracy 0.97)
  Processing head 8/8 (already deactivated, skipping)
Processing layer 5/10
  Processing head 1/8 (softmax output: 1.00) (accuracy 0.97)
  Processing head 2/8 (softmax output: 1.00) (accuracy 0.96)
  Processing head 3/8 (already deactivated, skipping)
  Processing head 4/8 (softmax output: 1.00) (accuracy 1.00)
  Processing head 5/8 (softmax output: 0.99) (accuracy 1.00)
  Processing head 6/8 (softmax output: 0.99) (accuracy 1.00)
  Processing head 7/8 (softmax output: 1.00) (accuracy 1.00)
  Processing head 8/8 (already deactivated, skipping)
Processing layer 6/10
  Processing head 1/8 (softmax output: 0.99) (accuracy 1.00)
  Processing head 2/8 (already deactivated, skipping)
  Processing head 3/8 (softmax output: 0.97) (accuracy 0.86)
  Processing head 4/8 (already deactivated, skipping)
  Processing head 5/8 (softmax output: 1.00) (accuracy 0.98)
  Processing head 6/8 (already deactivated, skipping)
  Processing head 7/8 (already deactivated, skipping)
  Processing head 8/8 (softmax output: 1.00) (accuracy 1.00)
Processing layer 7/10
  Processing head 1/8 (softmax output: 1.00) (accuracy 0.99)
  Processing head 2/8 (softmax output: 1.00) (accuracy 0.99)
  Processing head 3/8 (already deactivated, skipping)
  Processing head 4/8 (already deactivated, skipping)
  Processing head 5/8 (softmax output: 1.00) (accuracy 0.99)
  Processing head 6/8 (softmax output: 1.00) (accuracy 1.00)
  Processing head 7/8 (already deactivated, skipping)
  Processing head 8/8 (softmax output: 0.99) (accuracy 0.97)
Processing layer 8/10
  Processing head 1/8 (already deactivated, skipping)
  Processing head 2/8 (already deactivated, skipping)
  Processing head 3/8 (already deactivated, skipping)
  Processing head 4/8 (already deactivated, skipping)
  Processing head 5/8 (already deactivated, skipping)
  Processing head 6/8 (already deactivated, skipping)
  Processing head 7/8 (already deactivated, skipping)
  Processing head 8/8 (already deactivated, skipping)
Processing layer 9/10
  Processing head 1/8 (already deactivated, skipping)
  Processing head 2/8 (softmax output: 1.00) (accuracy 1.00)
  Processing head 3/8 (already deactivated, skipping)
  Processing head 4/8 (already deactivated, skipping)
  Processing head 5/8 (already deactivated, skipping)
  Processing head 6/8 (already deactivated, skipping)
  Processing head 7/8 (already deactivated, skipping)
  Processing head 8/8 (already deactivated, skipping)
Processing layer 10/10
  Processing head 1/8 (already deactivated, skipping)
  Processing head 2/8 (already deactivated, skipping)
  Processing head 3/8 (already deactivated, skipping)
  Processing head 4/8 (already deactivated, skipping)
  Processing head 5/8 (already deactivated, skipping)
  Processing head 6/8 (already deactivated, skipping)
  Processing head 7/8 (already deactivated, skipping)
  Processing head 8/8 (already deactivated, skipping)
Trial 47/10: Least influential head so far: (8, 1) with accuracy 1.00 and confidence 1.00 
Processing layer 1/10
  Processing head 1/8 (softmax output: 0.97) (accuracy 0.87)
  Processing head 2/8 (already deactivated, skipping)
  Processing head 3/8 (already deactivated, skipping)
  Processing head 4/8 (already deactivated, skipping)
  Processing head 5/8 (already deactivated, skipping)
  Processing head 6/8 (already deactivated, skipping)
  Processing head 7/8 (already deactivated, skipping)
  Processing head 8/8 (already deactivated, skipping)
Processing layer 2/10
  Processing head 1/8 (already deactivated, skipping)
  Processing head 2/8 (already deactivated, skipping)
  Processing head 3/8 (softmax output: 0.99) (accuracy 0.99)
  Processing head 4/8 (softmax output: 0.99) (accuracy 0.99)
  Processing head 5/8 (softmax output: 0.99) (accuracy 0.99)
  Processing head 6/8 (softmax output: 0.99) (accuracy 1.00)
  Processing head 7/8 (softmax output: 1.00) (accuracy 1.00)
  Processing head 8/8 (softmax output: 0.99) (accuracy 0.98)
Processing layer 3/10
  Processing head 1/8 (already deactivated, skipping)
  Processing head 2/8 (already deactivated, skipping)
  Processing head 3/8 (softmax output: 0.99) (accuracy 0.99)
  Processing head 4/8 (softmax output: 1.00) (accuracy 0.99)
  Processing head 5/8 (already deactivated, skipping)
  Processing head 6/8 (softmax output: 0.99) (accuracy 0.93)
  Processing head 7/8 (softmax output: 1.00) (accuracy 0.97)
  Processing head 8/8 (softmax output: 0.99) (accuracy 0.95)
Processing layer 4/10
  Processing head 1/8 (softmax output: 0.99) (accuracy 0.95)
  Processing head 2/8 (softmax output: 0.99) (accuracy 0.97)
  Processing head 3/8 (softmax output: 0.98) (accuracy 0.97)
  Processing head 4/8 (already deactivated, skipping)
  Processing head 5/8 (softmax output: 0.99) (accuracy 0.97)
  Processing head 6/8 (softmax output: 0.98) (accuracy 0.95)
  Processing head 7/8 (softmax output: 0.99) (accuracy 0.97)
  Processing head 8/8 (already deactivated, skipping)
Processing layer 5/10
  Processing head 1/8 (softmax output: 1.00) (accuracy 0.97)
  Processing head 2/8 (softmax output: 1.00) (accuracy 0.96)
  Processing head 3/8 (already deactivated, skipping)
  Processing head 4/8 (softmax output: 1.00) (accuracy 1.00)
  Processing head 5/8 (softmax output: 0.99) (accuracy 1.00)
  Processing head 6/8 (softmax output: 0.99) (accuracy 1.00)
  Processing head 7/8 (softmax output: 1.00) (accuracy 1.00)
  Processing head 8/8 (already deactivated, skipping)
Processing layer 6/10
  Processing head 1/8 (softmax output: 0.99) (accuracy 1.00)
  Processing head 2/8 (already deactivated, skipping)
  Processing head 3/8 (softmax output: 0.97) (accuracy 0.86)
  Processing head 4/8 (already deactivated, skipping)
  Processing head 5/8 (softmax output: 1.00) (accuracy 0.98)
  Processing head 6/8 (already deactivated, skipping)
  Processing head 7/8 (already deactivated, skipping)
  Processing head 8/8 (softmax output: 1.00) (accuracy 1.00)
Processing layer 7/10
  Processing head 1/8 (softmax output: 1.00) (accuracy 0.99)
  Processing head 2/8 (softmax output: 1.00) (accuracy 0.99)
  Processing head 3/8 (already deactivated, skipping)
  Processing head 4/8 (already deactivated, skipping)
  Processing head 5/8 (softmax output: 1.00) (accuracy 0.99)
  Processing head 6/8 (softmax output: 1.00) (accuracy 1.00)
  Processing head 7/8 (already deactivated, skipping)
  Processing head 8/8 (softmax output: 0.99) (accuracy 0.97)
Processing layer 8/10
  Processing head 1/8 (already deactivated, skipping)
  Processing head 2/8 (already deactivated, skipping)
  Processing head 3/8 (already deactivated, skipping)
  Processing head 4/8 (already deactivated, skipping)
  Processing head 5/8 (already deactivated, skipping)
  Processing head 6/8 (already deactivated, skipping)
  Processing head 7/8 (already deactivated, skipping)
  Processing head 8/8 (already deactivated, skipping)
Processing layer 9/10
  Processing head 1/8 (already deactivated, skipping)
  Processing head 2/8 (already deactivated, skipping)
  Processing head 3/8 (already deactivated, skipping)
  Processing head 4/8 (already deactivated, skipping)
  Processing head 5/8 (already deactivated, skipping)
  Processing head 6/8 (already deactivated, skipping)
  Processing head 7/8 (already deactivated, skipping)
  Processing head 8/8 (already deactivated, skipping)
Processing layer 10/10
  Processing head 1/8 (already deactivated, skipping)
  Processing head 2/8 (already deactivated, skipping)
  Processing head 3/8 (already deactivated, skipping)
  Processing head 4/8 (already deactivated, skipping)
  Processing head 5/8 (already deactivated, skipping)
  Processing head 6/8 (already deactivated, skipping)
  Processing head 7/8 (already deactivated, skipping)
  Processing head 8/8 (already deactivated, skipping)
Trial 48/10: Least influential head so far: (5, 7) with accuracy 1.00 and confidence 1.00 
Processing layer 1/10
  Processing head 1/8 (softmax output: 0.93) (accuracy 0.76)
  Processing head 2/8 (already deactivated, skipping)
  Processing head 3/8 (already deactivated, skipping)
  Processing head 4/8 (already deactivated, skipping)
  Processing head 5/8 (already deactivated, skipping)
  Processing head 6/8 (already deactivated, skipping)
  Processing head 7/8 (already deactivated, skipping)
  Processing head 8/8 (already deactivated, skipping)
Processing layer 2/10
  Processing head 1/8 (already deactivated, skipping)
  Processing head 2/8 (already deactivated, skipping)
  Processing head 3/8 (softmax output: 0.98) (accuracy 0.91)
  Processing head 4/8 (softmax output: 0.98) (accuracy 0.93)
  Processing head 5/8 (softmax output: 0.98) (accuracy 0.94)
  Processing head 6/8 (softmax output: 0.97) (accuracy 0.92)
  Processing head 7/8 (softmax output: 0.98) (accuracy 0.94)
  Processing head 8/8 (softmax output: 0.97) (accuracy 0.90)
Processing layer 3/10
  Processing head 1/8 (already deactivated, skipping)
  Processing head 2/8 (already deactivated, skipping)
  Processing head 3/8 (softmax output: 0.95) (accuracy 0.88)
  Processing head 4/8 (softmax output: 0.98) (accuracy 0.91)
  Processing head 5/8 (already deactivated, skipping)
  Processing head 6/8 (softmax output: 0.96) (accuracy 0.88)
  Processing head 7/8 (softmax output: 0.97) (accuracy 0.88)
  Processing head 8/8 (softmax output: 0.97) (accuracy 0.88)
Processing layer 4/10
  Processing head 1/8 (softmax output: 0.96) (accuracy 0.84)
  Processing head 2/8 (softmax output: 0.96) (accuracy 0.86)
  Processing head 3/8 (softmax output: 0.96) (accuracy 0.87)
  Processing head 4/8 (already deactivated, skipping)
  Processing head 5/8 (softmax output: 0.96) (accuracy 0.86)
  Processing head 6/8 (softmax output: 0.96) (accuracy 0.82)
  Processing head 7/8 (softmax output: 0.94) (accuracy 0.86)
  Processing head 8/8 (already deactivated, skipping)
Processing layer 5/10
  Processing head 1/8 (softmax output: 0.96) (accuracy 0.88)
  Processing head 2/8 (softmax output: 0.97) (accuracy 0.83)
  Processing head 3/8 (already deactivated, skipping)
  Processing head 4/8 (softmax output: 0.94) (accuracy 0.88)
  Processing head 5/8 (softmax output: 0.97) (accuracy 0.93)
  Processing head 6/8 (softmax output: 0.96) (accuracy 0.90)
  Processing head 7/8 (softmax output: 0.96) (accuracy 0.95)
  Processing head 8/8 (already deactivated, skipping)
Processing layer 6/10
  Processing head 1/8 (softmax output: 0.98) (accuracy 0.96)
  Processing head 2/8 (already deactivated, skipping)
  Processing head 3/8 (softmax output: 0.95) (accuracy 0.80)
  Processing head 4/8 (already deactivated, skipping)
  Processing head 5/8 (softmax output: 0.98) (accuracy 0.90)
  Processing head 6/8 (already deactivated, skipping)
  Processing head 7/8 (already deactivated, skipping)
  Processing head 8/8 (already deactivated, skipping)
Processing layer 7/10
  Processing head 1/8 (softmax output: 1.00) (accuracy 1.00)
  Processing head 2/8 (softmax output: 1.00) (accuracy 0.99)
  Processing head 3/8 (already deactivated, skipping)
  Processing head 4/8 (already deactivated, skipping)
  Processing head 5/8 (softmax output: 1.00) (accuracy 1.00)
  Processing head 6/8 (softmax output: 1.00) (accuracy 1.00)
  Processing head 7/8 (already deactivated, skipping)
  Processing head 8/8 (softmax output: 0.96) (accuracy 0.93)
Processing layer 8/10
  Processing head 1/8 (already deactivated, skipping)
  Processing head 2/8 (already deactivated, skipping)
  Processing head 3/8 (already deactivated, skipping)
  Processing head 4/8 (already deactivated, skipping)
  Processing head 5/8 (already deactivated, skipping)
  Processing head 6/8 (already deactivated, skipping)
  Processing head 7/8 (already deactivated, skipping)
  Processing head 8/8 (already deactivated, skipping)
Processing layer 9/10
  Processing head 1/8 (already deactivated, skipping)
  Processing head 2/8 (already deactivated, skipping)
  Processing head 3/8 (already deactivated, skipping)
  Processing head 4/8 (already deactivated, skipping)
  Processing head 5/8 (already deactivated, skipping)
  Processing head 6/8 (already deactivated, skipping)
  Processing head 7/8 (already deactivated, skipping)
  Processing head 8/8 (already deactivated, skipping)
Processing layer 10/10
  Processing head 1/8 (already deactivated, skipping)
  Processing head 2/8 (already deactivated, skipping)
  Processing head 3/8 (already deactivated, skipping)
  Processing head 4/8 (already deactivated, skipping)
  Processing head 5/8 (already deactivated, skipping)
  Processing head 6/8 (already deactivated, skipping)
  Processing head 7/8 (already deactivated, skipping)
  Processing head 8/8 (already deactivated, skipping)
Trial 49/10: Least influential head so far: (6, 4) with accuracy 1.00 and confidence 1.00 
Processing layer 1/10
  Processing head 1/8 (softmax output: 0.97) (accuracy 0.88)
  Processing head 2/8 (already deactivated, skipping)
  Processing head 3/8 (already deactivated, skipping)
  Processing head 4/8 (already deactivated, skipping)
  Processing head 5/8 (already deactivated, skipping)
  Processing head 6/8 (already deactivated, skipping)
  Processing head 7/8 (already deactivated, skipping)
  Processing head 8/8 (already deactivated, skipping)
Processing layer 2/10
  Processing head 1/8 (already deactivated, skipping)
  Processing head 2/8 (already deactivated, skipping)
  Processing head 3/8 (softmax output: 0.99) (accuracy 0.99)
  Processing head 4/8 (softmax output: 0.99) (accuracy 1.00)
  Processing head 5/8 (softmax output: 1.00) (accuracy 0.99)
  Processing head 6/8 (softmax output: 0.99) (accuracy 1.00)
  Processing head 7/8 (softmax output: 1.00) (accuracy 1.00)
  Processing head 8/8 (softmax output: 0.99) (accuracy 0.97)
Processing layer 3/10
  Processing head 1/8 (already deactivated, skipping)
  Processing head 2/8 (already deactivated, skipping)
  Processing head 3/8 (softmax output: 0.99) (accuracy 0.97)
  Processing head 4/8 (softmax output: 0.99) (accuracy 0.98)
  Processing head 5/8 (already deactivated, skipping)
  Processing head 6/8 (softmax output: 0.99) (accuracy 0.93)
  Processing head 7/8 (softmax output: 0.98) (accuracy 0.97)
  Processing head 8/8 (softmax output: 0.98) (accuracy 0.93)
Processing layer 4/10
  Processing head 1/8 (softmax output: 0.98) (accuracy 0.95)
  Processing head 2/8 (softmax output: 0.99) (accuracy 0.97)
  Processing head 3/8 (softmax output: 0.98) (accuracy 0.96)
  Processing head 4/8 (already deactivated, skipping)
  Processing head 5/8 (softmax output: 0.99) (accuracy 0.95)
  Processing head 6/8 (softmax output: 0.97) (accuracy 0.92)
  Processing head 7/8 (softmax output: 0.99) (accuracy 0.95)
  Processing head 8/8 (already deactivated, skipping)
Processing layer 5/10
  Processing head 1/8 (softmax output: 0.99) (accuracy 0.98)
  Processing head 2/8 (softmax output: 0.98) (accuracy 0.94)
  Processing head 3/8 (already deactivated, skipping)
  Processing head 4/8 (softmax output: 1.00) (accuracy 1.00)
  Processing head 5/8 (softmax output: 1.00) (accuracy 0.99)
  Processing head 6/8 (softmax output: 0.98) (accuracy 0.98)
  Processing head 7/8 (softmax output: 1.00) (accuracy 1.00)
  Processing head 8/8 (already deactivated, skipping)
Processing layer 6/10
  Processing head 1/8 (softmax output: 0.99) (accuracy 0.99)
  Processing head 2/8 (already deactivated, skipping)
  Processing head 3/8 (softmax output: 0.97) (accuracy 0.86)
  Processing head 4/8 (already deactivated, skipping)
  Processing head 5/8 (softmax output: 0.99) (accuracy 0.98)
  Processing head 6/8 (already deactivated, skipping)
  Processing head 7/8 (already deactivated, skipping)
  Processing head 8/8 (already deactivated, skipping)
Processing layer 7/10
  Processing head 1/8 (softmax output: 1.00) (accuracy 1.00)
  Processing head 2/8 (softmax output: 1.00) (accuracy 0.99)
  Processing head 3/8 (already deactivated, skipping)
  Processing head 4/8 (already deactivated, skipping)
  Processing head 5/8 (already deactivated, skipping)
  Processing head 6/8 (softmax output: 1.00) (accuracy 1.00)
  Processing head 7/8 (already deactivated, skipping)
  Processing head 8/8 (softmax output: 0.96) (accuracy 0.93)
Processing layer 8/10
  Processing head 1/8 (already deactivated, skipping)
  Processing head 2/8 (already deactivated, skipping)
  Processing head 3/8 (already deactivated, skipping)
  Processing head 4/8 (already deactivated, skipping)
  Processing head 5/8 (already deactivated, skipping)
  Processing head 6/8 (already deactivated, skipping)
  Processing head 7/8 (already deactivated, skipping)
  Processing head 8/8 (already deactivated, skipping)
Processing layer 9/10
  Processing head 1/8 (already deactivated, skipping)
  Processing head 2/8 (already deactivated, skipping)
  Processing head 3/8 (already deactivated, skipping)
  Processing head 4/8 (already deactivated, skipping)
  Processing head 5/8 (already deactivated, skipping)
  Processing head 6/8 (already deactivated, skipping)
  Processing head 7/8 (already deactivated, skipping)
  Processing head 8/8 (already deactivated, skipping)
Processing layer 10/10
  Processing head 1/8 (already deactivated, skipping)
  Processing head 2/8 (already deactivated, skipping)
  Processing head 3/8 (already deactivated, skipping)
  Processing head 4/8 (already deactivated, skipping)
  Processing head 5/8 (already deactivated, skipping)
  Processing head 6/8 (already deactivated, skipping)
  Processing head 7/8 (already deactivated, skipping)
  Processing head 8/8 (already deactivated, skipping)
Trial 50/10: Least influential head so far: (4, 6) with accuracy 1.00 and confidence 1.00 
Processing layer 1/10
  Processing head 1/8 (softmax output: 0.93) (accuracy 0.68)
  Processing head 2/8 (already deactivated, skipping)
  Processing head 3/8 (already deactivated, skipping)
  Processing head 4/8 (already deactivated, skipping)
  Processing head 5/8 (already deactivated, skipping)
  Processing head 6/8 (already deactivated, skipping)
  Processing head 7/8 (already deactivated, skipping)
  Processing head 8/8 (already deactivated, skipping)
Processing layer 2/10
  Processing head 1/8 (already deactivated, skipping)
  Processing head 2/8 (already deactivated, skipping)
  Processing head 3/8 (softmax output: 0.98) (accuracy 0.97)
  Processing head 4/8 (softmax output: 0.98) (accuracy 0.96)
  Processing head 5/8 (softmax output: 0.99) (accuracy 0.97)
  Processing head 6/8 (softmax output: 0.97) (accuracy 0.95)
  Processing head 7/8 (softmax output: 0.98) (accuracy 0.98)
  Processing head 8/8 (softmax output: 0.97) (accuracy 0.94)
Processing layer 3/10
  Processing head 1/8 (already deactivated, skipping)
  Processing head 2/8 (already deactivated, skipping)
  Processing head 3/8 (softmax output: 0.96) (accuracy 0.86)
  Processing head 4/8 (softmax output: 0.96) (accuracy 0.90)
  Processing head 5/8 (already deactivated, skipping)
  Processing head 6/8 (softmax output: 0.96) (accuracy 0.86)
  Processing head 7/8 (softmax output: 0.95) (accuracy 0.89)
  Processing head 8/8 (softmax output: 0.95) (accuracy 0.84)
Processing layer 4/10
  Processing head 1/8 (softmax output: 0.96) (accuracy 0.84)
  Processing head 2/8 (softmax output: 0.97) (accuracy 0.90)
  Processing head 3/8 (softmax output: 0.95) (accuracy 0.86)
  Processing head 4/8 (already deactivated, skipping)
  Processing head 5/8 (softmax output: 0.95) (accuracy 0.79)
  Processing head 6/8 (softmax output: 0.94) (accuracy 0.76)
  Processing head 7/8 (softmax output: 0.95) (accuracy 0.81)
  Processing head 8/8 (already deactivated, skipping)
Processing layer 5/10
  Processing head 1/8 (softmax output: 0.96) (accuracy 0.88)
  Processing head 2/8 (softmax output: 0.97) (accuracy 0.83)
  Processing head 3/8 (already deactivated, skipping)
  Processing head 4/8 (softmax output: 0.94) (accuracy 0.88)
  Processing head 5/8 (softmax output: 0.97) (accuracy 0.93)
  Processing head 6/8 (softmax output: 0.96) (accuracy 0.90)
  Processing head 7/8 (already deactivated, skipping)
  Processing head 8/8 (already deactivated, skipping)
Processing layer 6/10
  Processing head 1/8 (softmax output: 0.97) (accuracy 0.93)
  Processing head 2/8 (already deactivated, skipping)
  Processing head 3/8 (softmax output: 0.97) (accuracy 0.75)
  Processing head 4/8 (already deactivated, skipping)
  Processing head 5/8 (softmax output: 0.98) (accuracy 0.89)
  Processing head 6/8 (already deactivated, skipping)
  Processing head 7/8 (already deactivated, skipping)
  Processing head 8/8 (already deactivated, skipping)
Processing layer 7/10
  Processing head 1/8 (softmax output: 0.99) (accuracy 0.99)
  Processing head 2/8 (softmax output: 0.99) (accuracy 0.99)
  Processing head 3/8 (already deactivated, skipping)
  Processing head 4/8 (already deactivated, skipping)
  Processing head 5/8 (already deactivated, skipping)
  Processing head 6/8 (softmax output: 0.99) (accuracy 0.99)
  Processing head 7/8 (already deactivated, skipping)
  Processing head 8/8 (softmax output: 0.96) (accuracy 0.95)
Processing layer 8/10
  Processing head 1/8 (already deactivated, skipping)
  Processing head 2/8 (already deactivated, skipping)
  Processing head 3/8 (already deactivated, skipping)
  Processing head 4/8 (already deactivated, skipping)
  Processing head 5/8 (already deactivated, skipping)
  Processing head 6/8 (already deactivated, skipping)
  Processing head 7/8 (already deactivated, skipping)
  Processing head 8/8 (already deactivated, skipping)
Processing layer 9/10
  Processing head 1/8 (already deactivated, skipping)
  Processing head 2/8 (already deactivated, skipping)
  Processing head 3/8 (already deactivated, skipping)
  Processing head 4/8 (already deactivated, skipping)
  Processing head 5/8 (already deactivated, skipping)
  Processing head 6/8 (already deactivated, skipping)
  Processing head 7/8 (already deactivated, skipping)
  Processing head 8/8 (already deactivated, skipping)
Processing layer 10/10
  Processing head 1/8 (already deactivated, skipping)
  Processing head 2/8 (already deactivated, skipping)
  Processing head 3/8 (already deactivated, skipping)
  Processing head 4/8 (already deactivated, skipping)
  Processing head 5/8 (already deactivated, skipping)
  Processing head 6/8 (already deactivated, skipping)
  Processing head 7/8 (already deactivated, skipping)
  Processing head 8/8 (already deactivated, skipping)
Trial 51/10: Least influential head so far: (6, 0) with accuracy 0.99 and confidence 0.99 
Processing layer 1/10
  Processing head 1/8 (softmax output: 0.97) (accuracy 0.88)
  Processing head 2/8 (already deactivated, skipping)
  Processing head 3/8 (already deactivated, skipping)
  Processing head 4/8 (already deactivated, skipping)
  Processing head 5/8 (already deactivated, skipping)
  Processing head 6/8 (already deactivated, skipping)
  Processing head 7/8 (already deactivated, skipping)
  Processing head 8/8 (already deactivated, skipping)
Processing layer 2/10
  Processing head 1/8 (already deactivated, skipping)
  Processing head 2/8 (already deactivated, skipping)
  Processing head 3/8 (softmax output: 0.99) (accuracy 0.99)
  Processing head 4/8 (softmax output: 0.99) (accuracy 1.00)
  Processing head 5/8 (softmax output: 0.99) (accuracy 0.99)
  Processing head 6/8 (softmax output: 0.99) (accuracy 1.00)
  Processing head 7/8 (softmax output: 1.00) (accuracy 0.99)
  Processing head 8/8 (softmax output: 0.98) (accuracy 0.97)
Processing layer 3/10
  Processing head 1/8 (already deactivated, skipping)
  Processing head 2/8 (already deactivated, skipping)
  Processing head 3/8 (softmax output: 0.99) (accuracy 0.97)
  Processing head 4/8 (softmax output: 0.99) (accuracy 0.97)
  Processing head 5/8 (already deactivated, skipping)
  Processing head 6/8 (softmax output: 0.98) (accuracy 0.97)
  Processing head 7/8 (softmax output: 0.98) (accuracy 0.98)
  Processing head 8/8 (softmax output: 0.97) (accuracy 0.90)
Processing layer 4/10
  Processing head 1/8 (softmax output: 0.98) (accuracy 0.93)
  Processing head 2/8 (softmax output: 0.99) (accuracy 0.97)
  Processing head 3/8 (softmax output: 0.99) (accuracy 0.97)
  Processing head 4/8 (already deactivated, skipping)
  Processing head 5/8 (softmax output: 0.98) (accuracy 0.93)
  Processing head 6/8 (softmax output: 0.97) (accuracy 0.87)
  Processing head 7/8 (softmax output: 0.99) (accuracy 0.92)
  Processing head 8/8 (already deactivated, skipping)
Processing layer 5/10
  Processing head 1/8 (softmax output: 0.99) (accuracy 0.98)
  Processing head 2/8 (softmax output: 0.99) (accuracy 0.96)
  Processing head 3/8 (already deactivated, skipping)
  Processing head 4/8 (softmax output: 0.99) (accuracy 0.97)
  Processing head 5/8 (softmax output: 0.99) (accuracy 1.00)
  Processing head 6/8 (softmax output: 0.99) (accuracy 0.97)
  Processing head 7/8 (already deactivated, skipping)
  Processing head 8/8 (already deactivated, skipping)
Processing layer 6/10
  Processing head 1/8 (softmax output: 0.99) (accuracy 0.98)
  Processing head 2/8 (already deactivated, skipping)
  Processing head 3/8 (softmax output: 0.95) (accuracy 0.83)
  Processing head 4/8 (already deactivated, skipping)
  Processing head 5/8 (softmax output: 0.99) (accuracy 0.97)
  Processing head 6/8 (already deactivated, skipping)
  Processing head 7/8 (already deactivated, skipping)
  Processing head 8/8 (already deactivated, skipping)
Processing layer 7/10
  Processing head 1/8 (already deactivated, skipping)
  Processing head 2/8 (softmax output: 0.99) (accuracy 0.99)
  Processing head 3/8 (already deactivated, skipping)
  Processing head 4/8 (already deactivated, skipping)
  Processing head 5/8 (already deactivated, skipping)
  Processing head 6/8 (softmax output: 0.99) (accuracy 0.99)
  Processing head 7/8 (already deactivated, skipping)
  Processing head 8/8 (softmax output: 0.96) (accuracy 0.95)
Processing layer 8/10
  Processing head 1/8 (already deactivated, skipping)
  Processing head 2/8 (already deactivated, skipping)
  Processing head 3/8 (already deactivated, skipping)
  Processing head 4/8 (already deactivated, skipping)
  Processing head 5/8 (already deactivated, skipping)
  Processing head 6/8 (already deactivated, skipping)
  Processing head 7/8 (already deactivated, skipping)
  Processing head 8/8 (already deactivated, skipping)
Processing layer 9/10
  Processing head 1/8 (already deactivated, skipping)
  Processing head 2/8 (already deactivated, skipping)
  Processing head 3/8 (already deactivated, skipping)
  Processing head 4/8 (already deactivated, skipping)
  Processing head 5/8 (already deactivated, skipping)
  Processing head 6/8 (already deactivated, skipping)
  Processing head 7/8 (already deactivated, skipping)
  Processing head 8/8 (already deactivated, skipping)
Processing layer 10/10
  Processing head 1/8 (already deactivated, skipping)
  Processing head 2/8 (already deactivated, skipping)
  Processing head 3/8 (already deactivated, skipping)
  Processing head 4/8 (already deactivated, skipping)
  Processing head 5/8 (already deactivated, skipping)
  Processing head 6/8 (already deactivated, skipping)
  Processing head 7/8 (already deactivated, skipping)
  Processing head 8/8 (already deactivated, skipping)
Trial 52/10: Least influential head so far: (1, 5) with accuracy 1.00 and confidence 0.99 
Processing layer 1/10
  Processing head 1/8 (softmax output: 0.93) (accuracy 0.71)
  Processing head 2/8 (already deactivated, skipping)
  Processing head 3/8 (already deactivated, skipping)
  Processing head 4/8 (already deactivated, skipping)
  Processing head 5/8 (already deactivated, skipping)
  Processing head 6/8 (already deactivated, skipping)
  Processing head 7/8 (already deactivated, skipping)
  Processing head 8/8 (already deactivated, skipping)
Processing layer 2/10
  Processing head 1/8 (already deactivated, skipping)
  Processing head 2/8 (already deactivated, skipping)
  Processing head 3/8 (softmax output: 0.98) (accuracy 0.97)
  Processing head 4/8 (softmax output: 0.98) (accuracy 0.96)
  Processing head 5/8 (softmax output: 0.99) (accuracy 0.97)
  Processing head 6/8 (already deactivated, skipping)
  Processing head 7/8 (softmax output: 0.98) (accuracy 0.98)
  Processing head 8/8 (softmax output: 0.97) (accuracy 0.94)
Processing layer 3/10
  Processing head 1/8 (already deactivated, skipping)
  Processing head 2/8 (already deactivated, skipping)
  Processing head 3/8 (softmax output: 0.95) (accuracy 0.87)
  Processing head 4/8 (softmax output: 0.96) (accuracy 0.86)
  Processing head 5/8 (already deactivated, skipping)
  Processing head 6/8 (softmax output: 0.96) (accuracy 0.88)
  Processing head 7/8 (softmax output: 0.95) (accuracy 0.88)
  Processing head 8/8 (softmax output: 0.96) (accuracy 0.83)
Processing layer 4/10
  Processing head 1/8 (softmax output: 0.95) (accuracy 0.86)
  Processing head 2/8 (softmax output: 0.97) (accuracy 0.94)
  Processing head 3/8 (softmax output: 0.97) (accuracy 0.90)
  Processing head 4/8 (already deactivated, skipping)
  Processing head 5/8 (softmax output: 0.95) (accuracy 0.75)
  Processing head 6/8 (softmax output: 0.94) (accuracy 0.79)
  Processing head 7/8 (softmax output: 0.95) (accuracy 0.83)
  Processing head 8/8 (already deactivated, skipping)
Processing layer 5/10
  Processing head 1/8 (softmax output: 0.96) (accuracy 0.88)
  Processing head 2/8 (softmax output: 0.95) (accuracy 0.78)
  Processing head 3/8 (already deactivated, skipping)
  Processing head 4/8 (softmax output: 0.97) (accuracy 0.89)
  Processing head 5/8 (softmax output: 0.99) (accuracy 0.94)
  Processing head 6/8 (softmax output: 0.97) (accuracy 0.86)
  Processing head 7/8 (already deactivated, skipping)
  Processing head 8/8 (already deactivated, skipping)
Processing layer 6/10
  Processing head 1/8 (softmax output: 0.98) (accuracy 0.95)
  Processing head 2/8 (already deactivated, skipping)
  Processing head 3/8 (softmax output: 0.94) (accuracy 0.78)
  Processing head 4/8 (already deactivated, skipping)
  Processing head 5/8 (softmax output: 0.97) (accuracy 0.88)
  Processing head 6/8 (already deactivated, skipping)
  Processing head 7/8 (already deactivated, skipping)
  Processing head 8/8 (already deactivated, skipping)
Processing layer 7/10
  Processing head 1/8 (already deactivated, skipping)
  Processing head 2/8 (softmax output: 0.99) (accuracy 0.99)
  Processing head 3/8 (already deactivated, skipping)
  Processing head 4/8 (already deactivated, skipping)
  Processing head 5/8 (already deactivated, skipping)
  Processing head 6/8 (softmax output: 1.00) (accuracy 0.97)
  Processing head 7/8 (already deactivated, skipping)
  Processing head 8/8 (softmax output: 0.97) (accuracy 0.95)
Processing layer 8/10
  Processing head 1/8 (already deactivated, skipping)
  Processing head 2/8 (already deactivated, skipping)
  Processing head 3/8 (already deactivated, skipping)
  Processing head 4/8 (already deactivated, skipping)
  Processing head 5/8 (already deactivated, skipping)
  Processing head 6/8 (already deactivated, skipping)
  Processing head 7/8 (already deactivated, skipping)
  Processing head 8/8 (already deactivated, skipping)
Processing layer 9/10
  Processing head 1/8 (already deactivated, skipping)
  Processing head 2/8 (already deactivated, skipping)
  Processing head 3/8 (already deactivated, skipping)
  Processing head 4/8 (already deactivated, skipping)
  Processing head 5/8 (already deactivated, skipping)
  Processing head 6/8 (already deactivated, skipping)
  Processing head 7/8 (already deactivated, skipping)
  Processing head 8/8 (already deactivated, skipping)
Processing layer 10/10
  Processing head 1/8 (already deactivated, skipping)
  Processing head 2/8 (already deactivated, skipping)
  Processing head 3/8 (already deactivated, skipping)
  Processing head 4/8 (already deactivated, skipping)
  Processing head 5/8 (already deactivated, skipping)
  Processing head 6/8 (already deactivated, skipping)
  Processing head 7/8 (already deactivated, skipping)
  Processing head 8/8 (already deactivated, skipping)
Trial 53/10: Least influential head so far: (6, 1) with accuracy 0.99 and confidence 0.99 
Processing layer 1/10
  Processing head 1/8 (softmax output: 0.97) (accuracy 0.84)
  Processing head 2/8 (already deactivated, skipping)
  Processing head 3/8 (already deactivated, skipping)
  Processing head 4/8 (already deactivated, skipping)
  Processing head 5/8 (already deactivated, skipping)
  Processing head 6/8 (already deactivated, skipping)
  Processing head 7/8 (already deactivated, skipping)
  Processing head 8/8 (already deactivated, skipping)
Processing layer 2/10
  Processing head 1/8 (already deactivated, skipping)
  Processing head 2/8 (already deactivated, skipping)
  Processing head 3/8 (softmax output: 0.98) (accuracy 1.00)
  Processing head 4/8 (softmax output: 0.98) (accuracy 1.00)
  Processing head 5/8 (softmax output: 0.98) (accuracy 0.97)
  Processing head 6/8 (already deactivated, skipping)
  Processing head 7/8 (softmax output: 0.98) (accuracy 0.97)
  Processing head 8/8 (softmax output: 0.98) (accuracy 0.96)
Processing layer 3/10
  Processing head 1/8 (already deactivated, skipping)
  Processing head 2/8 (already deactivated, skipping)
  Processing head 3/8 (softmax output: 0.99) (accuracy 0.96)
  Processing head 4/8 (softmax output: 0.97) (accuracy 0.92)
  Processing head 5/8 (already deactivated, skipping)
  Processing head 6/8 (softmax output: 0.97) (accuracy 0.93)
  Processing head 7/8 (softmax output: 0.97) (accuracy 0.95)
  Processing head 8/8 (softmax output: 0.98) (accuracy 0.93)
Processing layer 4/10
  Processing head 1/8 (softmax output: 0.97) (accuracy 0.94)
  Processing head 2/8 (softmax output: 0.97) (accuracy 0.92)
  Processing head 3/8 (softmax output: 0.97) (accuracy 0.96)
  Processing head 4/8 (already deactivated, skipping)
  Processing head 5/8 (softmax output: 0.97) (accuracy 0.97)
  Processing head 6/8 (softmax output: 0.95) (accuracy 0.85)
  Processing head 7/8 (softmax output: 0.97) (accuracy 0.88)
  Processing head 8/8 (already deactivated, skipping)
Processing layer 5/10
  Processing head 1/8 (softmax output: 0.98) (accuracy 0.96)
  Processing head 2/8 (softmax output: 0.97) (accuracy 0.89)
  Processing head 3/8 (already deactivated, skipping)
  Processing head 4/8 (softmax output: 0.97) (accuracy 0.95)
  Processing head 5/8 (softmax output: 0.98) (accuracy 0.97)
  Processing head 6/8 (softmax output: 0.98) (accuracy 0.96)
  Processing head 7/8 (already deactivated, skipping)
  Processing head 8/8 (already deactivated, skipping)
Processing layer 6/10
  Processing head 1/8 (softmax output: 0.99) (accuracy 0.99)
  Processing head 2/8 (already deactivated, skipping)
  Processing head 3/8 (softmax output: 0.97) (accuracy 0.79)
  Processing head 4/8 (already deactivated, skipping)
  Processing head 5/8 (softmax output: 0.98) (accuracy 0.94)
  Processing head 6/8 (already deactivated, skipping)
  Processing head 7/8 (already deactivated, skipping)
  Processing head 8/8 (already deactivated, skipping)
Processing layer 7/10
  Processing head 1/8 (already deactivated, skipping)
  Processing head 2/8 (already deactivated, skipping)
  Processing head 3/8 (already deactivated, skipping)
  Processing head 4/8 (already deactivated, skipping)
  Processing head 5/8 (already deactivated, skipping)
  Processing head 6/8 (softmax output: 1.00) (accuracy 0.97)
  Processing head 7/8 (already deactivated, skipping)
  Processing head 8/8 (softmax output: 0.97) (accuracy 0.95)
Processing layer 8/10
  Processing head 1/8 (already deactivated, skipping)
  Processing head 2/8 (already deactivated, skipping)
  Processing head 3/8 (already deactivated, skipping)
  Processing head 4/8 (already deactivated, skipping)
  Processing head 5/8 (already deactivated, skipping)
  Processing head 6/8 (already deactivated, skipping)
  Processing head 7/8 (already deactivated, skipping)
  Processing head 8/8 (already deactivated, skipping)
Processing layer 9/10
  Processing head 1/8 (already deactivated, skipping)
  Processing head 2/8 (already deactivated, skipping)
  Processing head 3/8 (already deactivated, skipping)
  Processing head 4/8 (already deactivated, skipping)
  Processing head 5/8 (already deactivated, skipping)
  Processing head 6/8 (already deactivated, skipping)
  Processing head 7/8 (already deactivated, skipping)
  Processing head 8/8 (already deactivated, skipping)
Processing layer 10/10
  Processing head 1/8 (already deactivated, skipping)
  Processing head 2/8 (already deactivated, skipping)
  Processing head 3/8 (already deactivated, skipping)
  Processing head 4/8 (already deactivated, skipping)
  Processing head 5/8 (already deactivated, skipping)
  Processing head 6/8 (already deactivated, skipping)
  Processing head 7/8 (already deactivated, skipping)
  Processing head 8/8 (already deactivated, skipping)
Trial 54/10: Least influential head so far: (1, 2) with accuracy 1.00 and confidence 0.98 
Processing layer 1/10
  Processing head 1/8 (softmax output: 0.93) (accuracy 0.78)
  Processing head 2/8 (already deactivated, skipping)
  Processing head 3/8 (already deactivated, skipping)
  Processing head 4/8 (already deactivated, skipping)
  Processing head 5/8 (already deactivated, skipping)
  Processing head 6/8 (already deactivated, skipping)
  Processing head 7/8 (already deactivated, skipping)
  Processing head 8/8 (already deactivated, skipping)
Processing layer 2/10
  Processing head 1/8 (already deactivated, skipping)
  Processing head 2/8 (already deactivated, skipping)
  Processing head 3/8 (already deactivated, skipping)
  Processing head 4/8 (softmax output: 0.98) (accuracy 0.96)
  Processing head 5/8 (softmax output: 0.99) (accuracy 0.97)
  Processing head 6/8 (already deactivated, skipping)
  Processing head 7/8 (softmax output: 0.98) (accuracy 0.98)
  Processing head 8/8 (softmax output: 0.97) (accuracy 0.94)
Processing layer 3/10
  Processing head 1/8 (already deactivated, skipping)
  Processing head 2/8 (already deactivated, skipping)
  Processing head 3/8 (softmax output: 0.95) (accuracy 0.87)
  Processing head 4/8 (softmax output: 0.96) (accuracy 0.89)
  Processing head 5/8 (already deactivated, skipping)
  Processing head 6/8 (softmax output: 0.97) (accuracy 0.89)
  Processing head 7/8 (softmax output: 0.95) (accuracy 0.90)
  Processing head 8/8 (softmax output: 0.95) (accuracy 0.84)
Processing layer 4/10
  Processing head 1/8 (softmax output: 0.95) (accuracy 0.86)
  Processing head 2/8 (softmax output: 0.98) (accuracy 0.93)
  Processing head 3/8 (softmax output: 0.97) (accuracy 0.89)
  Processing head 4/8 (already deactivated, skipping)
  Processing head 5/8 (softmax output: 0.94) (accuracy 0.81)
  Processing head 6/8 (softmax output: 0.92) (accuracy 0.79)
  Processing head 7/8 (softmax output: 0.96) (accuracy 0.85)
  Processing head 8/8 (already deactivated, skipping)
Processing layer 5/10
  Processing head 1/8 (softmax output: 0.97) (accuracy 0.88)
  Processing head 2/8 (softmax output: 0.96) (accuracy 0.81)
  Processing head 3/8 (already deactivated, skipping)
  Processing head 4/8 (softmax output: 0.96) (accuracy 0.89)
  Processing head 5/8 (softmax output: 0.98) (accuracy 0.93)
  Processing head 6/8 (softmax output: 0.97) (accuracy 0.87)
  Processing head 7/8 (already deactivated, skipping)
  Processing head 8/8 (already deactivated, skipping)
Processing layer 6/10
  Processing head 1/8 (softmax output: 0.97) (accuracy 0.93)
  Processing head 2/8 (already deactivated, skipping)
  Processing head 3/8 (softmax output: 0.95) (accuracy 0.79)
  Processing head 4/8 (already deactivated, skipping)
  Processing head 5/8 (softmax output: 0.99) (accuracy 0.89)
  Processing head 6/8 (already deactivated, skipping)
  Processing head 7/8 (already deactivated, skipping)
  Processing head 8/8 (already deactivated, skipping)
Processing layer 7/10
  Processing head 1/8 (already deactivated, skipping)
  Processing head 2/8 (already deactivated, skipping)
  Processing head 3/8 (already deactivated, skipping)
  Processing head 4/8 (already deactivated, skipping)
  Processing head 5/8 (already deactivated, skipping)
  Processing head 6/8 (softmax output: 1.00) (accuracy 0.98)
  Processing head 7/8 (already deactivated, skipping)
  Processing head 8/8 (softmax output: 0.98) (accuracy 0.97)
Processing layer 8/10
  Processing head 1/8 (already deactivated, skipping)
  Processing head 2/8 (already deactivated, skipping)
  Processing head 3/8 (already deactivated, skipping)
  Processing head 4/8 (already deactivated, skipping)
  Processing head 5/8 (already deactivated, skipping)
  Processing head 6/8 (already deactivated, skipping)
  Processing head 7/8 (already deactivated, skipping)
  Processing head 8/8 (already deactivated, skipping)
Processing layer 9/10
  Processing head 1/8 (already deactivated, skipping)
  Processing head 2/8 (already deactivated, skipping)
  Processing head 3/8 (already deactivated, skipping)
  Processing head 4/8 (already deactivated, skipping)
  Processing head 5/8 (already deactivated, skipping)
  Processing head 6/8 (already deactivated, skipping)
  Processing head 7/8 (already deactivated, skipping)
  Processing head 8/8 (already deactivated, skipping)
Processing layer 10/10
  Processing head 1/8 (already deactivated, skipping)
  Processing head 2/8 (already deactivated, skipping)
  Processing head 3/8 (already deactivated, skipping)
  Processing head 4/8 (already deactivated, skipping)
  Processing head 5/8 (already deactivated, skipping)
  Processing head 6/8 (already deactivated, skipping)
  Processing head 7/8 (already deactivated, skipping)
  Processing head 8/8 (already deactivated, skipping)
Trial 55/10: Least influential head so far: (6, 5) with accuracy 0.98 and confidence 1.00 
Processing layer 1/10
  Processing head 1/8 (softmax output: 0.96) (accuracy 0.82)
  Processing head 2/8 (already deactivated, skipping)
  Processing head 3/8 (already deactivated, skipping)
  Processing head 4/8 (already deactivated, skipping)
  Processing head 5/8 (already deactivated, skipping)
  Processing head 6/8 (already deactivated, skipping)
  Processing head 7/8 (already deactivated, skipping)
  Processing head 8/8 (already deactivated, skipping)
Processing layer 2/10
  Processing head 1/8 (already deactivated, skipping)
  Processing head 2/8 (already deactivated, skipping)
  Processing head 3/8 (already deactivated, skipping)
  Processing head 4/8 (softmax output: 1.00) (accuracy 0.98)
  Processing head 5/8 (softmax output: 1.00) (accuracy 0.98)
  Processing head 6/8 (already deactivated, skipping)
  Processing head 7/8 (softmax output: 1.00) (accuracy 0.98)
  Processing head 8/8 (softmax output: 0.99) (accuracy 0.94)
Processing layer 3/10
  Processing head 1/8 (already deactivated, skipping)
  Processing head 2/8 (already deactivated, skipping)
  Processing head 3/8 (softmax output: 0.99) (accuracy 0.95)
  Processing head 4/8 (softmax output: 0.99) (accuracy 0.97)
  Processing head 5/8 (already deactivated, skipping)
  Processing head 6/8 (softmax output: 0.98) (accuracy 0.93)
  Processing head 7/8 (softmax output: 0.98) (accuracy 0.95)
  Processing head 8/8 (softmax output: 0.99) (accuracy 0.91)
Processing layer 4/10
  Processing head 1/8 (softmax output: 0.97) (accuracy 0.94)
  Processing head 2/8 (softmax output: 0.99) (accuracy 0.96)
  Processing head 3/8 (softmax output: 0.99) (accuracy 0.96)
  Processing head 4/8 (already deactivated, skipping)
  Processing head 5/8 (softmax output: 0.98) (accuracy 0.94)
  Processing head 6/8 (softmax output: 0.96) (accuracy 0.89)
  Processing head 7/8 (softmax output: 0.98) (accuracy 0.93)
  Processing head 8/8 (already deactivated, skipping)
Processing layer 5/10
  Processing head 1/8 (softmax output: 0.99) (accuracy 0.97)
  Processing head 2/8 (softmax output: 0.97) (accuracy 0.90)
  Processing head 3/8 (already deactivated, skipping)
  Processing head 4/8 (softmax output: 0.99) (accuracy 0.97)
  Processing head 5/8 (softmax output: 0.99) (accuracy 0.99)
  Processing head 6/8 (softmax output: 0.99) (accuracy 0.97)
  Processing head 7/8 (already deactivated, skipping)
  Processing head 8/8 (already deactivated, skipping)
Processing layer 6/10
  Processing head 1/8 (softmax output: 0.99) (accuracy 0.98)
  Processing head 2/8 (already deactivated, skipping)
  Processing head 3/8 (softmax output: 0.96) (accuracy 0.87)
  Processing head 4/8 (already deactivated, skipping)
  Processing head 5/8 (softmax output: 0.98) (accuracy 0.96)
  Processing head 6/8 (already deactivated, skipping)
  Processing head 7/8 (already deactivated, skipping)
  Processing head 8/8 (already deactivated, skipping)
Processing layer 7/10
  Processing head 1/8 (already deactivated, skipping)
  Processing head 2/8 (already deactivated, skipping)
  Processing head 3/8 (already deactivated, skipping)
  Processing head 4/8 (already deactivated, skipping)
  Processing head 5/8 (already deactivated, skipping)
  Processing head 6/8 (already deactivated, skipping)
  Processing head 7/8 (already deactivated, skipping)
  Processing head 8/8 (softmax output: 0.98) (accuracy 0.97)
Processing layer 8/10
  Processing head 1/8 (already deactivated, skipping)
  Processing head 2/8 (already deactivated, skipping)
  Processing head 3/8 (already deactivated, skipping)
  Processing head 4/8 (already deactivated, skipping)
  Processing head 5/8 (already deactivated, skipping)
  Processing head 6/8 (already deactivated, skipping)
  Processing head 7/8 (already deactivated, skipping)
  Processing head 8/8 (already deactivated, skipping)
Processing layer 9/10
  Processing head 1/8 (already deactivated, skipping)
  Processing head 2/8 (already deactivated, skipping)
  Processing head 3/8 (already deactivated, skipping)
  Processing head 4/8 (already deactivated, skipping)
  Processing head 5/8 (already deactivated, skipping)
  Processing head 6/8 (already deactivated, skipping)
  Processing head 7/8 (already deactivated, skipping)
  Processing head 8/8 (already deactivated, skipping)
Processing layer 10/10
  Processing head 1/8 (already deactivated, skipping)
  Processing head 2/8 (already deactivated, skipping)
  Processing head 3/8 (already deactivated, skipping)
  Processing head 4/8 (already deactivated, skipping)
  Processing head 5/8 (already deactivated, skipping)
  Processing head 6/8 (already deactivated, skipping)
  Processing head 7/8 (already deactivated, skipping)
  Processing head 8/8 (already deactivated, skipping)
Trial 56/10: Least influential head so far: (4, 4) with accuracy 0.99 and confidence 0.99 
Processing layer 1/10
  Processing head 1/8 (softmax output: 0.94) (accuracy 0.77)
  Processing head 2/8 (already deactivated, skipping)
  Processing head 3/8 (already deactivated, skipping)
  Processing head 4/8 (already deactivated, skipping)
  Processing head 5/8 (already deactivated, skipping)
  Processing head 6/8 (already deactivated, skipping)
  Processing head 7/8 (already deactivated, skipping)
  Processing head 8/8 (already deactivated, skipping)
Processing layer 2/10
  Processing head 1/8 (already deactivated, skipping)
  Processing head 2/8 (already deactivated, skipping)
  Processing head 3/8 (already deactivated, skipping)
  Processing head 4/8 (softmax output: 0.98) (accuracy 0.95)
  Processing head 5/8 (softmax output: 0.98) (accuracy 0.94)
  Processing head 6/8 (already deactivated, skipping)
  Processing head 7/8 (softmax output: 0.98) (accuracy 0.94)
  Processing head 8/8 (softmax output: 0.97) (accuracy 0.90)
Processing layer 3/10
  Processing head 1/8 (already deactivated, skipping)
  Processing head 2/8 (already deactivated, skipping)
  Processing head 3/8 (softmax output: 0.95) (accuracy 0.88)
  Processing head 4/8 (softmax output: 0.97) (accuracy 0.91)
  Processing head 5/8 (already deactivated, skipping)
  Processing head 6/8 (softmax output: 0.97) (accuracy 0.91)
  Processing head 7/8 (softmax output: 0.94) (accuracy 0.86)
  Processing head 8/8 (softmax output: 0.94) (accuracy 0.80)
Processing layer 4/10
  Processing head 1/8 (softmax output: 0.96) (accuracy 0.83)
  Processing head 2/8 (softmax output: 0.96) (accuracy 0.88)
  Processing head 3/8 (softmax output: 0.96) (accuracy 0.87)
  Processing head 4/8 (already deactivated, skipping)
  Processing head 5/8 (softmax output: 0.96) (accuracy 0.79)
  Processing head 6/8 (softmax output: 0.95) (accuracy 0.81)
  Processing head 7/8 (softmax output: 0.96) (accuracy 0.90)
  Processing head 8/8 (already deactivated, skipping)
Processing layer 5/10
  Processing head 1/8 (softmax output: 0.97) (accuracy 0.88)
  Processing head 2/8 (softmax output: 0.96) (accuracy 0.81)
  Processing head 3/8 (already deactivated, skipping)
  Processing head 4/8 (softmax output: 0.96) (accuracy 0.89)
  Processing head 5/8 (already deactivated, skipping)
  Processing head 6/8 (softmax output: 0.97) (accuracy 0.87)
  Processing head 7/8 (already deactivated, skipping)
  Processing head 8/8 (already deactivated, skipping)
Processing layer 6/10
  Processing head 1/8 (softmax output: 0.97) (accuracy 0.94)
  Processing head 2/8 (already deactivated, skipping)
  Processing head 3/8 (softmax output: 0.95) (accuracy 0.76)
  Processing head 4/8 (already deactivated, skipping)
  Processing head 5/8 (softmax output: 0.96) (accuracy 0.89)
  Processing head 6/8 (already deactivated, skipping)
  Processing head 7/8 (already deactivated, skipping)
  Processing head 8/8 (already deactivated, skipping)
Processing layer 7/10
  Processing head 1/8 (already deactivated, skipping)
  Processing head 2/8 (already deactivated, skipping)
  Processing head 3/8 (already deactivated, skipping)
  Processing head 4/8 (already deactivated, skipping)
  Processing head 5/8 (already deactivated, skipping)
  Processing head 6/8 (already deactivated, skipping)
  Processing head 7/8 (already deactivated, skipping)
  Processing head 8/8 (softmax output: 0.98) (accuracy 0.93)
Processing layer 8/10
  Processing head 1/8 (already deactivated, skipping)
  Processing head 2/8 (already deactivated, skipping)
  Processing head 3/8 (already deactivated, skipping)
  Processing head 4/8 (already deactivated, skipping)
  Processing head 5/8 (already deactivated, skipping)
  Processing head 6/8 (already deactivated, skipping)
  Processing head 7/8 (already deactivated, skipping)
  Processing head 8/8 (already deactivated, skipping)
Processing layer 9/10
  Processing head 1/8 (already deactivated, skipping)
  Processing head 2/8 (already deactivated, skipping)
  Processing head 3/8 (already deactivated, skipping)
  Processing head 4/8 (already deactivated, skipping)
  Processing head 5/8 (already deactivated, skipping)
  Processing head 6/8 (already deactivated, skipping)
  Processing head 7/8 (already deactivated, skipping)
  Processing head 8/8 (already deactivated, skipping)
Processing layer 10/10
  Processing head 1/8 (already deactivated, skipping)
  Processing head 2/8 (already deactivated, skipping)
  Processing head 3/8 (already deactivated, skipping)
  Processing head 4/8 (already deactivated, skipping)
  Processing head 5/8 (already deactivated, skipping)
  Processing head 6/8 (already deactivated, skipping)
  Processing head 7/8 (already deactivated, skipping)
  Processing head 8/8 (already deactivated, skipping)
Trial 57/10: Least influential head so far: (1, 3) with accuracy 0.95 and confidence 0.98 
Processing layer 1/10
  Processing head 1/8 (softmax output: 0.94) (accuracy 0.75)
  Processing head 2/8 (already deactivated, skipping)
  Processing head 3/8 (already deactivated, skipping)
  Processing head 4/8 (already deactivated, skipping)
  Processing head 5/8 (already deactivated, skipping)
  Processing head 6/8 (already deactivated, skipping)
  Processing head 7/8 (already deactivated, skipping)
  Processing head 8/8 (already deactivated, skipping)
Processing layer 2/10
  Processing head 1/8 (already deactivated, skipping)
  Processing head 2/8 (already deactivated, skipping)
  Processing head 3/8 (already deactivated, skipping)
  Processing head 4/8 (already deactivated, skipping)
  Processing head 5/8 (softmax output: 0.98) (accuracy 0.94)
  Processing head 6/8 (already deactivated, skipping)
  Processing head 7/8 (softmax output: 0.98) (accuracy 0.94)
  Processing head 8/8 (softmax output: 0.97) (accuracy 0.90)
Processing layer 3/10
  Processing head 1/8 (already deactivated, skipping)
  Processing head 2/8 (already deactivated, skipping)
  Processing head 3/8 (softmax output: 0.97) (accuracy 0.89)
  Processing head 4/8 (softmax output: 0.98) (accuracy 0.92)
  Processing head 5/8 (already deactivated, skipping)
  Processing head 6/8 (softmax output: 0.97) (accuracy 0.89)
  Processing head 7/8 (softmax output: 0.96) (accuracy 0.88)
  Processing head 8/8 (softmax output: 0.97) (accuracy 0.84)
Processing layer 4/10
  Processing head 1/8 (softmax output: 0.96) (accuracy 0.88)
  Processing head 2/8 (softmax output: 0.96) (accuracy 0.90)
  Processing head 3/8 (softmax output: 0.97) (accuracy 0.89)
  Processing head 4/8 (already deactivated, skipping)
  Processing head 5/8 (softmax output: 0.96) (accuracy 0.81)
  Processing head 6/8 (softmax output: 0.94) (accuracy 0.83)
  Processing head 7/8 (softmax output: 0.96) (accuracy 0.91)
  Processing head 8/8 (already deactivated, skipping)
Processing layer 5/10
  Processing head 1/8 (softmax output: 0.98) (accuracy 0.89)
  Processing head 2/8 (softmax output: 0.96) (accuracy 0.82)
  Processing head 3/8 (already deactivated, skipping)
  Processing head 4/8 (softmax output: 0.96) (accuracy 0.89)
  Processing head 5/8 (already deactivated, skipping)
  Processing head 6/8 (softmax output: 0.98) (accuracy 0.88)
  Processing head 7/8 (already deactivated, skipping)
  Processing head 8/8 (already deactivated, skipping)
Processing layer 6/10
  Processing head 1/8 (softmax output: 0.99) (accuracy 0.97)
  Processing head 2/8 (already deactivated, skipping)
  Processing head 3/8 (softmax output: 0.95) (accuracy 0.79)
  Processing head 4/8 (already deactivated, skipping)
  Processing head 5/8 (softmax output: 0.97) (accuracy 0.90)
  Processing head 6/8 (already deactivated, skipping)
  Processing head 7/8 (already deactivated, skipping)
  Processing head 8/8 (already deactivated, skipping)
Processing layer 7/10
  Processing head 1/8 (already deactivated, skipping)
  Processing head 2/8 (already deactivated, skipping)
  Processing head 3/8 (already deactivated, skipping)
  Processing head 4/8 (already deactivated, skipping)
  Processing head 5/8 (already deactivated, skipping)
  Processing head 6/8 (already deactivated, skipping)
  Processing head 7/8 (already deactivated, skipping)
  Processing head 8/8 (softmax output: 0.98) (accuracy 0.95)
Processing layer 8/10
  Processing head 1/8 (already deactivated, skipping)
  Processing head 2/8 (already deactivated, skipping)
  Processing head 3/8 (already deactivated, skipping)
  Processing head 4/8 (already deactivated, skipping)
  Processing head 5/8 (already deactivated, skipping)
  Processing head 6/8 (already deactivated, skipping)
  Processing head 7/8 (already deactivated, skipping)
  Processing head 8/8 (already deactivated, skipping)
Processing layer 9/10
  Processing head 1/8 (already deactivated, skipping)
  Processing head 2/8 (already deactivated, skipping)
  Processing head 3/8 (already deactivated, skipping)
  Processing head 4/8 (already deactivated, skipping)
  Processing head 5/8 (already deactivated, skipping)
  Processing head 6/8 (already deactivated, skipping)
  Processing head 7/8 (already deactivated, skipping)
  Processing head 8/8 (already deactivated, skipping)
Processing layer 10/10
  Processing head 1/8 (already deactivated, skipping)
  Processing head 2/8 (already deactivated, skipping)
  Processing head 3/8 (already deactivated, skipping)
  Processing head 4/8 (already deactivated, skipping)
  Processing head 5/8 (already deactivated, skipping)
  Processing head 6/8 (already deactivated, skipping)
  Processing head 7/8 (already deactivated, skipping)
  Processing head 8/8 (already deactivated, skipping)
Trial 58/10: Least influential head so far: (5, 0) with accuracy 0.97 and confidence 0.99 
Processing layer 1/10
  Processing head 1/8 (softmax output: 0.95) (accuracy 0.69)
  Processing head 2/8 (already deactivated, skipping)
  Processing head 3/8 (already deactivated, skipping)
  Processing head 4/8 (already deactivated, skipping)
  Processing head 5/8 (already deactivated, skipping)
  Processing head 6/8 (already deactivated, skipping)
  Processing head 7/8 (already deactivated, skipping)
  Processing head 8/8 (already deactivated, skipping)
Processing layer 2/10
  Processing head 1/8 (already deactivated, skipping)
  Processing head 2/8 (already deactivated, skipping)
  Processing head 3/8 (already deactivated, skipping)
  Processing head 4/8 (already deactivated, skipping)
  Processing head 5/8 (softmax output: 0.97) (accuracy 0.98)
  Processing head 6/8 (already deactivated, skipping)
  Processing head 7/8 (softmax output: 0.98) (accuracy 0.96)
  Processing head 8/8 (softmax output: 0.97) (accuracy 0.88)
Processing layer 3/10
  Processing head 1/8 (already deactivated, skipping)
  Processing head 2/8 (already deactivated, skipping)
  Processing head 3/8 (softmax output: 0.97) (accuracy 0.87)
  Processing head 4/8 (softmax output: 0.97) (accuracy 0.92)
  Processing head 5/8 (already deactivated, skipping)
  Processing head 6/8 (softmax output: 0.96) (accuracy 0.82)
  Processing head 7/8 (softmax output: 0.97) (accuracy 0.86)
  Processing head 8/8 (softmax output: 0.97) (accuracy 0.82)
Processing layer 4/10
  Processing head 1/8 (softmax output: 0.98) (accuracy 0.83)
  Processing head 2/8 (softmax output: 0.97) (accuracy 0.87)
  Processing head 3/8 (softmax output: 0.96) (accuracy 0.87)
  Processing head 4/8 (already deactivated, skipping)
  Processing head 5/8 (softmax output: 0.95) (accuracy 0.83)
  Processing head 6/8 (softmax output: 0.93) (accuracy 0.80)
  Processing head 7/8 (softmax output: 0.96) (accuracy 0.86)
  Processing head 8/8 (already deactivated, skipping)
Processing layer 5/10
  Processing head 1/8 (softmax output: 0.98) (accuracy 0.86)
  Processing head 2/8 (softmax output: 0.97) (accuracy 0.83)
  Processing head 3/8 (already deactivated, skipping)
  Processing head 4/8 (softmax output: 0.96) (accuracy 0.89)
  Processing head 5/8 (already deactivated, skipping)
  Processing head 6/8 (softmax output: 0.98) (accuracy 0.90)
  Processing head 7/8 (already deactivated, skipping)
  Processing head 8/8 (already deactivated, skipping)
Processing layer 6/10
  Processing head 1/8 (already deactivated, skipping)
  Processing head 2/8 (already deactivated, skipping)
  Processing head 3/8 (softmax output: 0.95) (accuracy 0.79)
  Processing head 4/8 (already deactivated, skipping)
  Processing head 5/8 (softmax output: 0.97) (accuracy 0.90)
  Processing head 6/8 (already deactivated, skipping)
  Processing head 7/8 (already deactivated, skipping)
  Processing head 8/8 (already deactivated, skipping)
Processing layer 7/10
  Processing head 1/8 (already deactivated, skipping)
  Processing head 2/8 (already deactivated, skipping)
  Processing head 3/8 (already deactivated, skipping)
  Processing head 4/8 (already deactivated, skipping)
  Processing head 5/8 (already deactivated, skipping)
  Processing head 6/8 (already deactivated, skipping)
  Processing head 7/8 (already deactivated, skipping)
  Processing head 8/8 (softmax output: 0.99) (accuracy 0.97)
Processing layer 8/10
  Processing head 1/8 (already deactivated, skipping)
  Processing head 2/8 (already deactivated, skipping)
  Processing head 3/8 (already deactivated, skipping)
  Processing head 4/8 (already deactivated, skipping)
  Processing head 5/8 (already deactivated, skipping)
  Processing head 6/8 (already deactivated, skipping)
  Processing head 7/8 (already deactivated, skipping)
  Processing head 8/8 (already deactivated, skipping)
Processing layer 9/10
  Processing head 1/8 (already deactivated, skipping)
  Processing head 2/8 (already deactivated, skipping)
  Processing head 3/8 (already deactivated, skipping)
  Processing head 4/8 (already deactivated, skipping)
  Processing head 5/8 (already deactivated, skipping)
  Processing head 6/8 (already deactivated, skipping)
  Processing head 7/8 (already deactivated, skipping)
  Processing head 8/8 (already deactivated, skipping)
Processing layer 10/10
  Processing head 1/8 (already deactivated, skipping)
  Processing head 2/8 (already deactivated, skipping)
  Processing head 3/8 (already deactivated, skipping)
  Processing head 4/8 (already deactivated, skipping)
  Processing head 5/8 (already deactivated, skipping)
  Processing head 6/8 (already deactivated, skipping)
  Processing head 7/8 (already deactivated, skipping)
  Processing head 8/8 (already deactivated, skipping)
Trial 59/10: Least influential head so far: (1, 4) with accuracy 0.98 and confidence 0.97 
Processing layer 1/10
  Processing head 1/8 (softmax output: 0.93) (accuracy 0.69)
  Processing head 2/8 (already deactivated, skipping)
  Processing head 3/8 (already deactivated, skipping)
  Processing head 4/8 (already deactivated, skipping)
  Processing head 5/8 (already deactivated, skipping)
  Processing head 6/8 (already deactivated, skipping)
  Processing head 7/8 (already deactivated, skipping)
  Processing head 8/8 (already deactivated, skipping)
Processing layer 2/10
  Processing head 1/8 (already deactivated, skipping)
  Processing head 2/8 (already deactivated, skipping)
  Processing head 3/8 (already deactivated, skipping)
  Processing head 4/8 (already deactivated, skipping)
  Processing head 5/8 (already deactivated, skipping)
  Processing head 6/8 (already deactivated, skipping)
  Processing head 7/8 (softmax output: 0.98) (accuracy 0.96)
  Processing head 8/8 (softmax output: 0.97) (accuracy 0.88)
Processing layer 3/10
  Processing head 1/8 (already deactivated, skipping)
  Processing head 2/8 (already deactivated, skipping)
  Processing head 3/8 (softmax output: 0.98) (accuracy 0.89)
  Processing head 4/8 (softmax output: 0.98) (accuracy 0.92)
  Processing head 5/8 (already deactivated, skipping)
  Processing head 6/8 (softmax output: 0.96) (accuracy 0.85)
  Processing head 7/8 (softmax output: 0.96) (accuracy 0.85)
  Processing head 8/8 (softmax output: 0.96) (accuracy 0.81)
Processing layer 4/10
  Processing head 1/8 (softmax output: 0.96) (accuracy 0.83)
  Processing head 2/8 (softmax output: 0.96) (accuracy 0.84)
  Processing head 3/8 (softmax output: 0.97) (accuracy 0.85)
  Processing head 4/8 (already deactivated, skipping)
  Processing head 5/8 (softmax output: 0.95) (accuracy 0.83)
  Processing head 6/8 (softmax output: 0.94) (accuracy 0.77)
  Processing head 7/8 (softmax output: 0.97) (accuracy 0.86)
  Processing head 8/8 (already deactivated, skipping)
Processing layer 5/10
  Processing head 1/8 (softmax output: 0.97) (accuracy 0.88)
  Processing head 2/8 (softmax output: 0.96) (accuracy 0.81)
  Processing head 3/8 (already deactivated, skipping)
  Processing head 4/8 (softmax output: 0.97) (accuracy 0.93)
  Processing head 5/8 (already deactivated, skipping)
  Processing head 6/8 (softmax output: 0.98) (accuracy 0.92)
  Processing head 7/8 (already deactivated, skipping)
  Processing head 8/8 (already deactivated, skipping)
Processing layer 6/10
  Processing head 1/8 (already deactivated, skipping)
  Processing head 2/8 (already deactivated, skipping)
  Processing head 3/8 (softmax output: 0.93) (accuracy 0.78)
  Processing head 4/8 (already deactivated, skipping)
  Processing head 5/8 (softmax output: 0.96) (accuracy 0.91)
  Processing head 6/8 (already deactivated, skipping)
  Processing head 7/8 (already deactivated, skipping)
  Processing head 8/8 (already deactivated, skipping)
Processing layer 7/10
  Processing head 1/8 (already deactivated, skipping)
  Processing head 2/8 (already deactivated, skipping)
  Processing head 3/8 (already deactivated, skipping)
  Processing head 4/8 (already deactivated, skipping)
  Processing head 5/8 (already deactivated, skipping)
  Processing head 6/8 (already deactivated, skipping)
  Processing head 7/8 (already deactivated, skipping)
  Processing head 8/8 (softmax output: 0.97) (accuracy 0.98)
Processing layer 8/10
  Processing head 1/8 (already deactivated, skipping)
  Processing head 2/8 (already deactivated, skipping)
  Processing head 3/8 (already deactivated, skipping)
  Processing head 4/8 (already deactivated, skipping)
  Processing head 5/8 (already deactivated, skipping)
  Processing head 6/8 (already deactivated, skipping)
  Processing head 7/8 (already deactivated, skipping)
  Processing head 8/8 (already deactivated, skipping)
Processing layer 9/10
  Processing head 1/8 (already deactivated, skipping)
  Processing head 2/8 (already deactivated, skipping)
  Processing head 3/8 (already deactivated, skipping)
  Processing head 4/8 (already deactivated, skipping)
  Processing head 5/8 (already deactivated, skipping)
  Processing head 6/8 (already deactivated, skipping)
  Processing head 7/8 (already deactivated, skipping)
  Processing head 8/8 (already deactivated, skipping)
Processing layer 10/10
  Processing head 1/8 (already deactivated, skipping)
  Processing head 2/8 (already deactivated, skipping)
  Processing head 3/8 (already deactivated, skipping)
  Processing head 4/8 (already deactivated, skipping)
  Processing head 5/8 (already deactivated, skipping)
  Processing head 6/8 (already deactivated, skipping)
  Processing head 7/8 (already deactivated, skipping)
  Processing head 8/8 (already deactivated, skipping)
Trial 60/10: Least influential head so far: (6, 7) with accuracy 0.98 and confidence 0.97 
Processing layer 1/10
  Processing head 1/8 (softmax output: 0.93) (accuracy 0.69)
  Processing head 2/8 (already deactivated, skipping)
  Processing head 3/8 (already deactivated, skipping)
  Processing head 4/8 (already deactivated, skipping)
  Processing head 5/8 (already deactivated, skipping)
  Processing head 6/8 (already deactivated, skipping)
  Processing head 7/8 (already deactivated, skipping)
  Processing head 8/8 (already deactivated, skipping)
Processing layer 2/10
  Processing head 1/8 (already deactivated, skipping)
  Processing head 2/8 (already deactivated, skipping)
  Processing head 3/8 (already deactivated, skipping)
  Processing head 4/8 (already deactivated, skipping)
  Processing head 5/8 (already deactivated, skipping)
  Processing head 6/8 (already deactivated, skipping)
  Processing head 7/8 (softmax output: 0.98) (accuracy 0.96)
  Processing head 8/8 (softmax output: 0.97) (accuracy 0.88)
Processing layer 3/10
  Processing head 1/8 (already deactivated, skipping)
  Processing head 2/8 (already deactivated, skipping)
  Processing head 3/8 (softmax output: 0.98) (accuracy 0.89)
  Processing head 4/8 (softmax output: 0.98) (accuracy 0.92)
  Processing head 5/8 (already deactivated, skipping)
  Processing head 6/8 (softmax output: 0.96) (accuracy 0.85)
  Processing head 7/8 (softmax output: 0.96) (accuracy 0.85)
  Processing head 8/8 (softmax output: 0.96) (accuracy 0.81)
Processing layer 4/10
  Processing head 1/8 (softmax output: 0.96) (accuracy 0.83)
  Processing head 2/8 (softmax output: 0.96) (accuracy 0.84)
  Processing head 3/8 (softmax output: 0.97) (accuracy 0.85)
  Processing head 4/8 (already deactivated, skipping)
  Processing head 5/8 (softmax output: 0.95) (accuracy 0.83)
  Processing head 6/8 (softmax output: 0.94) (accuracy 0.77)
  Processing head 7/8 (softmax output: 0.97) (accuracy 0.86)
  Processing head 8/8 (already deactivated, skipping)
Processing layer 5/10
  Processing head 1/8 (softmax output: 0.97) (accuracy 0.88)
  Processing head 2/8 (softmax output: 0.96) (accuracy 0.81)
  Processing head 3/8 (already deactivated, skipping)
  Processing head 4/8 (softmax output: 0.97) (accuracy 0.93)
  Processing head 5/8 (already deactivated, skipping)
  Processing head 6/8 (softmax output: 0.98) (accuracy 0.92)
  Processing head 7/8 (already deactivated, skipping)
  Processing head 8/8 (already deactivated, skipping)
Processing layer 6/10
  Processing head 1/8 (already deactivated, skipping)
  Processing head 2/8 (already deactivated, skipping)
  Processing head 3/8 (softmax output: 0.93) (accuracy 0.78)
  Processing head 4/8 (already deactivated, skipping)
  Processing head 5/8 (softmax output: 0.96) (accuracy 0.91)
  Processing head 6/8 (already deactivated, skipping)
  Processing head 7/8 (already deactivated, skipping)
  Processing head 8/8 (already deactivated, skipping)
Processing layer 7/10
  Processing head 1/8 (already deactivated, skipping)
  Processing head 2/8 (already deactivated, skipping)
  Processing head 3/8 (already deactivated, skipping)
  Processing head 4/8 (already deactivated, skipping)
  Processing head 5/8 (already deactivated, skipping)
  Processing head 6/8 (already deactivated, skipping)
  Processing head 7/8 (already deactivated, skipping)
  Processing head 8/8 (already deactivated, skipping)
Processing layer 8/10
  Processing head 1/8 (already deactivated, skipping)
  Processing head 2/8 (already deactivated, skipping)
  Processing head 3/8 (already deactivated, skipping)
  Processing head 4/8 (already deactivated, skipping)
  Processing head 5/8 (already deactivated, skipping)
  Processing head 6/8 (already deactivated, skipping)
  Processing head 7/8 (already deactivated, skipping)
  Processing head 8/8 (already deactivated, skipping)
Processing layer 9/10
  Processing head 1/8 (already deactivated, skipping)
  Processing head 2/8 (already deactivated, skipping)
  Processing head 3/8 (already deactivated, skipping)
  Processing head 4/8 (already deactivated, skipping)
  Processing head 5/8 (already deactivated, skipping)
  Processing head 6/8 (already deactivated, skipping)
  Processing head 7/8 (already deactivated, skipping)
  Processing head 8/8 (already deactivated, skipping)
Processing layer 10/10
  Processing head 1/8 (already deactivated, skipping)
  Processing head 2/8 (already deactivated, skipping)
  Processing head 3/8 (already deactivated, skipping)
  Processing head 4/8 (already deactivated, skipping)
  Processing head 5/8 (already deactivated, skipping)
  Processing head 6/8 (already deactivated, skipping)
  Processing head 7/8 (already deactivated, skipping)
  Processing head 8/8 (already deactivated, skipping)
Trial 61/10: Least influential head so far: (1, 6) with accuracy 0.96 and confidence 0.98 
Processing layer 1/10
  Processing head 1/8 (softmax output: 0.94) (accuracy 0.74)
  Processing head 2/8 (already deactivated, skipping)
  Processing head 3/8 (already deactivated, skipping)
  Processing head 4/8 (already deactivated, skipping)
  Processing head 5/8 (already deactivated, skipping)
  Processing head 6/8 (already deactivated, skipping)
  Processing head 7/8 (already deactivated, skipping)
  Processing head 8/8 (already deactivated, skipping)
Processing layer 2/10
  Processing head 1/8 (already deactivated, skipping)
  Processing head 2/8 (already deactivated, skipping)
  Processing head 3/8 (already deactivated, skipping)
  Processing head 4/8 (already deactivated, skipping)
  Processing head 5/8 (already deactivated, skipping)
  Processing head 6/8 (already deactivated, skipping)
  Processing head 7/8 (already deactivated, skipping)
  Processing head 8/8 (softmax output: 0.97) (accuracy 0.85)
Processing layer 3/10
  Processing head 1/8 (already deactivated, skipping)
  Processing head 2/8 (already deactivated, skipping)
  Processing head 3/8 (softmax output: 0.97) (accuracy 0.87)
  Processing head 4/8 (softmax output: 0.96) (accuracy 0.86)
  Processing head 5/8 (already deactivated, skipping)
  Processing head 6/8 (softmax output: 0.96) (accuracy 0.82)
  Processing head 7/8 (softmax output: 0.97) (accuracy 0.82)
  Processing head 8/8 (softmax output: 0.96) (accuracy 0.80)
Processing layer 4/10
  Processing head 1/8 (softmax output: 0.95) (accuracy 0.84)
  Processing head 2/8 (softmax output: 0.97) (accuracy 0.88)
  Processing head 3/8 (softmax output: 0.97) (accuracy 0.88)
  Processing head 4/8 (already deactivated, skipping)
  Processing head 5/8 (softmax output: 0.97) (accuracy 0.83)
  Processing head 6/8 (softmax output: 0.95) (accuracy 0.77)
  Processing head 7/8 (softmax output: 0.96) (accuracy 0.88)
  Processing head 8/8 (already deactivated, skipping)
Processing layer 5/10
  Processing head 1/8 (softmax output: 0.97) (accuracy 0.87)
  Processing head 2/8 (softmax output: 0.97) (accuracy 0.82)
  Processing head 3/8 (already deactivated, skipping)
  Processing head 4/8 (softmax output: 0.97) (accuracy 0.85)
  Processing head 5/8 (already deactivated, skipping)
  Processing head 6/8 (softmax output: 0.98) (accuracy 0.86)
  Processing head 7/8 (already deactivated, skipping)
  Processing head 8/8 (already deactivated, skipping)
Processing layer 6/10
  Processing head 1/8 (already deactivated, skipping)
  Processing head 2/8 (already deactivated, skipping)
  Processing head 3/8 (softmax output: 0.95) (accuracy 0.78)
  Processing head 4/8 (already deactivated, skipping)
  Processing head 5/8 (softmax output: 0.97) (accuracy 0.90)
  Processing head 6/8 (already deactivated, skipping)
  Processing head 7/8 (already deactivated, skipping)
  Processing head 8/8 (already deactivated, skipping)
Processing layer 7/10
  Processing head 1/8 (already deactivated, skipping)
  Processing head 2/8 (already deactivated, skipping)
  Processing head 3/8 (already deactivated, skipping)
  Processing head 4/8 (already deactivated, skipping)
  Processing head 5/8 (already deactivated, skipping)
  Processing head 6/8 (already deactivated, skipping)
  Processing head 7/8 (already deactivated, skipping)
  Processing head 8/8 (already deactivated, skipping)
Processing layer 8/10
  Processing head 1/8 (already deactivated, skipping)
  Processing head 2/8 (already deactivated, skipping)
  Processing head 3/8 (already deactivated, skipping)
  Processing head 4/8 (already deactivated, skipping)
  Processing head 5/8 (already deactivated, skipping)
  Processing head 6/8 (already deactivated, skipping)
  Processing head 7/8 (already deactivated, skipping)
  Processing head 8/8 (already deactivated, skipping)
Processing layer 9/10
  Processing head 1/8 (already deactivated, skipping)
  Processing head 2/8 (already deactivated, skipping)
  Processing head 3/8 (already deactivated, skipping)
  Processing head 4/8 (already deactivated, skipping)
  Processing head 5/8 (already deactivated, skipping)
  Processing head 6/8 (already deactivated, skipping)
  Processing head 7/8 (already deactivated, skipping)
  Processing head 8/8 (already deactivated, skipping)
Processing layer 10/10
  Processing head 1/8 (already deactivated, skipping)
  Processing head 2/8 (already deactivated, skipping)
  Processing head 3/8 (already deactivated, skipping)
  Processing head 4/8 (already deactivated, skipping)
  Processing head 5/8 (already deactivated, skipping)
  Processing head 6/8 (already deactivated, skipping)
  Processing head 7/8 (already deactivated, skipping)
  Processing head 8/8 (already deactivated, skipping)
Trial 62/10: Least influential head so far: (5, 4) with accuracy 0.90 and confidence 0.97 
Processing layer 1/10
  Processing head 1/8 (softmax output: 0.94) (accuracy 0.74)
  Processing head 2/8 (already deactivated, skipping)
  Processing head 3/8 (already deactivated, skipping)
  Processing head 4/8 (already deactivated, skipping)
  Processing head 5/8 (already deactivated, skipping)
  Processing head 6/8 (already deactivated, skipping)
  Processing head 7/8 (already deactivated, skipping)
  Processing head 8/8 (already deactivated, skipping)
Processing layer 2/10
  Processing head 1/8 (already deactivated, skipping)
  Processing head 2/8 (already deactivated, skipping)
  Processing head 3/8 (already deactivated, skipping)
  Processing head 4/8 (already deactivated, skipping)
  Processing head 5/8 (already deactivated, skipping)
  Processing head 6/8 (already deactivated, skipping)
  Processing head 7/8 (already deactivated, skipping)
  Processing head 8/8 (softmax output: 0.97) (accuracy 0.85)
Processing layer 3/10
  Processing head 1/8 (already deactivated, skipping)
  Processing head 2/8 (already deactivated, skipping)
  Processing head 3/8 (softmax output: 0.97) (accuracy 0.87)
  Processing head 4/8 (softmax output: 0.96) (accuracy 0.86)
  Processing head 5/8 (already deactivated, skipping)
  Processing head 6/8 (softmax output: 0.96) (accuracy 0.82)
  Processing head 7/8 (softmax output: 0.97) (accuracy 0.82)
  Processing head 8/8 (softmax output: 0.96) (accuracy 0.80)
Processing layer 4/10
  Processing head 1/8 (softmax output: 0.95) (accuracy 0.84)
  Processing head 2/8 (softmax output: 0.97) (accuracy 0.88)
  Processing head 3/8 (softmax output: 0.97) (accuracy 0.88)
  Processing head 4/8 (already deactivated, skipping)
  Processing head 5/8 (softmax output: 0.97) (accuracy 0.83)
  Processing head 6/8 (softmax output: 0.95) (accuracy 0.77)
  Processing head 7/8 (softmax output: 0.96) (accuracy 0.88)
  Processing head 8/8 (already deactivated, skipping)
Processing layer 5/10
  Processing head 1/8 (softmax output: 0.97) (accuracy 0.87)
  Processing head 2/8 (softmax output: 0.97) (accuracy 0.82)
  Processing head 3/8 (already deactivated, skipping)
  Processing head 4/8 (softmax output: 0.97) (accuracy 0.85)
  Processing head 5/8 (already deactivated, skipping)
  Processing head 6/8 (softmax output: 0.98) (accuracy 0.86)
  Processing head 7/8 (already deactivated, skipping)
  Processing head 8/8 (already deactivated, skipping)
Processing layer 6/10
  Processing head 1/8 (already deactivated, skipping)
  Processing head 2/8 (already deactivated, skipping)
  Processing head 3/8 (softmax output: 0.95) (accuracy 0.78)
  Processing head 4/8 (already deactivated, skipping)
  Processing head 5/8 (already deactivated, skipping)
  Processing head 6/8 (already deactivated, skipping)
  Processing head 7/8 (already deactivated, skipping)
  Processing head 8/8 (already deactivated, skipping)
Processing layer 7/10
  Processing head 1/8 (already deactivated, skipping)
  Processing head 2/8 (already deactivated, skipping)
  Processing head 3/8 (already deactivated, skipping)
  Processing head 4/8 (already deactivated, skipping)
  Processing head 5/8 (already deactivated, skipping)
  Processing head 6/8 (already deactivated, skipping)
  Processing head 7/8 (already deactivated, skipping)
  Processing head 8/8 (already deactivated, skipping)
Processing layer 8/10
  Processing head 1/8 (already deactivated, skipping)
  Processing head 2/8 (already deactivated, skipping)
  Processing head 3/8 (already deactivated, skipping)
  Processing head 4/8 (already deactivated, skipping)
  Processing head 5/8 (already deactivated, skipping)
  Processing head 6/8 (already deactivated, skipping)
  Processing head 7/8 (already deactivated, skipping)
  Processing head 8/8 (already deactivated, skipping)
Processing layer 9/10
  Processing head 1/8 (already deactivated, skipping)
  Processing head 2/8 (already deactivated, skipping)
  Processing head 3/8 (already deactivated, skipping)
  Processing head 4/8 (already deactivated, skipping)
  Processing head 5/8 (already deactivated, skipping)
  Processing head 6/8 (already deactivated, skipping)
  Processing head 7/8 (already deactivated, skipping)
  Processing head 8/8 (already deactivated, skipping)
Processing layer 10/10
  Processing head 1/8 (already deactivated, skipping)
  Processing head 2/8 (already deactivated, skipping)
  Processing head 3/8 (already deactivated, skipping)
  Processing head 4/8 (already deactivated, skipping)
  Processing head 5/8 (already deactivated, skipping)
  Processing head 6/8 (already deactivated, skipping)
  Processing head 7/8 (already deactivated, skipping)
  Processing head 8/8 (already deactivated, skipping)
Trial 63/10: Least influential head so far: (3, 2) with accuracy 0.88 and confidence 0.97 
Processing layer 1/10
  Processing head 1/8 (softmax output: 0.89) (accuracy 0.60)
  Processing head 2/8 (already deactivated, skipping)
  Processing head 3/8 (already deactivated, skipping)
  Processing head 4/8 (already deactivated, skipping)
  Processing head 5/8 (already deactivated, skipping)
  Processing head 6/8 (already deactivated, skipping)
  Processing head 7/8 (already deactivated, skipping)
  Processing head 8/8 (already deactivated, skipping)
Processing layer 2/10
  Processing head 1/8 (already deactivated, skipping)
  Processing head 2/8 (already deactivated, skipping)
  Processing head 3/8 (already deactivated, skipping)
  Processing head 4/8 (already deactivated, skipping)
  Processing head 5/8 (already deactivated, skipping)
  Processing head 6/8 (already deactivated, skipping)
  Processing head 7/8 (already deactivated, skipping)
  Processing head 8/8 (softmax output: 0.90) (accuracy 0.56)
Processing layer 3/10
  Processing head 1/8 (already deactivated, skipping)
  Processing head 2/8 (already deactivated, skipping)
  Processing head 3/8 (softmax output: 0.94) (accuracy 0.69)
  Processing head 4/8 (softmax output: 0.95) (accuracy 0.72)
  Processing head 5/8 (already deactivated, skipping)
  Processing head 6/8 (softmax output: 0.92) (accuracy 0.59)
  Processing head 7/8 (softmax output: 0.92) (accuracy 0.61)
  Processing head 8/8 (softmax output: 0.91) (accuracy 0.54)
Processing layer 4/10
  Processing head 1/8 (softmax output: 0.92) (accuracy 0.68)
  Processing head 2/8 (softmax output: 0.93) (accuracy 0.74)
  Processing head 3/8 (already deactivated, skipping)
  Processing head 4/8 (already deactivated, skipping)
  Processing head 5/8 (softmax output: 0.90) (accuracy 0.68)
  Processing head 6/8 (softmax output: 0.93) (accuracy 0.66)
  Processing head 7/8 (softmax output: 0.93) (accuracy 0.74)
  Processing head 8/8 (already deactivated, skipping)
Processing layer 5/10
  Processing head 1/8 (softmax output: 0.94) (accuracy 0.64)
  Processing head 2/8 (softmax output: 0.93) (accuracy 0.63)
  Processing head 3/8 (already deactivated, skipping)
  Processing head 4/8 (softmax output: 0.91) (accuracy 0.65)
  Processing head 5/8 (already deactivated, skipping)
  Processing head 6/8 (softmax output: 0.93) (accuracy 0.70)
  Processing head 7/8 (already deactivated, skipping)
  Processing head 8/8 (already deactivated, skipping)
Processing layer 6/10
  Processing head 1/8 (already deactivated, skipping)
  Processing head 2/8 (already deactivated, skipping)
  Processing head 3/8 (softmax output: 0.92) (accuracy 0.74)
  Processing head 4/8 (already deactivated, skipping)
  Processing head 5/8 (already deactivated, skipping)
  Processing head 6/8 (already deactivated, skipping)
  Processing head 7/8 (already deactivated, skipping)
  Processing head 8/8 (already deactivated, skipping)
Processing layer 7/10
  Processing head 1/8 (already deactivated, skipping)
  Processing head 2/8 (already deactivated, skipping)
  Processing head 3/8 (already deactivated, skipping)
  Processing head 4/8 (already deactivated, skipping)
  Processing head 5/8 (already deactivated, skipping)
  Processing head 6/8 (already deactivated, skipping)
  Processing head 7/8 (already deactivated, skipping)
  Processing head 8/8 (already deactivated, skipping)
Processing layer 8/10
  Processing head 1/8 (already deactivated, skipping)
  Processing head 2/8 (already deactivated, skipping)
  Processing head 3/8 (already deactivated, skipping)
  Processing head 4/8 (already deactivated, skipping)
  Processing head 5/8 (already deactivated, skipping)
  Processing head 6/8 (already deactivated, skipping)
  Processing head 7/8 (already deactivated, skipping)
  Processing head 8/8 (already deactivated, skipping)
Processing layer 9/10
  Processing head 1/8 (already deactivated, skipping)
  Processing head 2/8 (already deactivated, skipping)
  Processing head 3/8 (already deactivated, skipping)
  Processing head 4/8 (already deactivated, skipping)
  Processing head 5/8 (already deactivated, skipping)
  Processing head 6/8 (already deactivated, skipping)
  Processing head 7/8 (already deactivated, skipping)
  Processing head 8/8 (already deactivated, skipping)
Processing layer 10/10
  Processing head 1/8 (already deactivated, skipping)
  Processing head 2/8 (already deactivated, skipping)
  Processing head 3/8 (already deactivated, skipping)
  Processing head 4/8 (already deactivated, skipping)
  Processing head 5/8 (already deactivated, skipping)
  Processing head 6/8 (already deactivated, skipping)
  Processing head 7/8 (already deactivated, skipping)
  Processing head 8/8 (already deactivated, skipping)
Trial 64/10: Least influential head so far: (3, 6) with accuracy 0.74 and confidence 0.93 
